# rootname800                                     ,Mo,No,psffwhm,asecpix,skybg,skybgstd,x0peak,y0peak,x0col,y0col,x0A1fit,y0A1fit,x0A3fit,y0A3fit,a,b,PAdeg,InFit1D,RnFit1D,nFit1D,xsin,x0Fit2D,y0Fit2D,InFit2D,RnFit2D,nFit2D,qFit2D,PAFit2D,LT,R10,R20,R30,R40,R50,R60,R70,R80,R90,Rp,C1,C2,ABG,A0,A1,A2,A3,A4,S1,S3,G,M20,psi,sigma_psi,H,IRkurvmedian,IRkurvmad,QF,
3514673_u                                         ,139.00000000,191.00000000,5.78109589,0.77781746,-0.00202578,0.01351426,94.50153858,65.50168916,94.57906899,66.19450478,94.27753116,68.03305487,99.25111538,68.34384628,1.51507369,1.15698506,175.68173740,0.01178571,10.99999999,0.52360300,69.43638392,98.75166910,66.29482399,0.00859392,7.55856118,0.16364740,0.39243043,167.92514307,10.29608345,6.23050482,8.87520021,11.16830930,12.79483404,14.42853751,17.40382421,19.02413076,20.57086820,23.62285184,27.02675065,0.36507446,0.21411001,0.16551293,0.80612626,0.00843349,0.81694602,0.62031131,2.57944509,-0.00545922,0.78055696,0.51250585,0.76076540,1.55071512,0.79900674,0.88720308,0.02312193,1.30861720,0.00000000,
3528976_u                                         ,111.00000000,85.00000000,5.78109589,0.77781746,-0.00000564,0.01439919,42.50640423,46.51167072,42.56624188,47.72945934,43.71163709,46.25730817,41.07842338,49.76041379,3.81260860,2.66551807,109.96685875,0.02570763,6.71506995,4.00880176,16.59493785,42.32120643,44.94945734,0.00747097,9.46709777,20.99998918,0.72156747,123.37022146,12.83697319,1.62811322,2.44390299,3.18734005,3.94093361,4.80184938,6.08712519,8.07372629,10.92167523,13.75392908,10.38335374,0.65020530,0.45701825,0.09967170,0.90238526,0.12215494,0.73771500,0.45617368,11.74242802,0.01091850,0.60589619,0.68817914,-0.01202396,1.61402000,0.68426780,0.59711288,0.66587111,1.18295784,64.00000000,
3531417_u                                         ,111.00000000,65.00000000,5.78109589,0.77781746,-0.00087365,0.01380640,30.50664888,53.50101603,30.93057336,53.57493676,30.79764288,55.47025495,29.33262354,55.89071198,3.64756886,2.37506015,102.51930873,0.01087037,6.00000000,49.90574890,30.92111050,29.61794892,52.72298609,0.00002924,128.62814806,20.94506548,0.66716038,90.78364421,3.56449318,2.67981551,3.84089928,4.78867481,5.64622822,6.55373248,7.92078660,9.50893882,10.85081379,13.78366655,17.46620023,0.45102939,0.32287605,0.43586901,0.68512919,0.00118413,0.84330060,0.76118701,2.46373615,0.08064663,0.84750815,0.50169414,2.06743424,1.52056601,0.84877433,0.90355943,0.50150092,0.78404508,32.00000000,
3538751_u                                         ,175.00000000,191.00000000,5.78109589,0.77781746,-0.00002138,0.01366587,93.50136161,85.50339589,93.41608898,85.74371327,94.23583831,86.20318509,91.66856565,87.42977811,9.69130500,6.48047236,144.60094241,0.00931644,24.57959765,4.30593215,7.77902357,92.61657609,84.64658863,0.00802625,27.20192806,4.76247021,0.60571399,142.79207231,61.68436050,3.07505529,5.51531618,8.10923324,11.36225911,15.31732134,20.10697196,25.62395051,33.92421182,44.26960783,30.91801219,0.78893935,0.46092285,0.21397281,0.35824342,0.00820600,0.31216884,0.49765112,0.82475477,0.03862371,0.95264894,0.63001235,0.13696418,1.56035246,0.56064460,0.63847497,1.06218948,1.74734345,0.00000000,
3564545_u                                         ,243.00000000,263.00000000,5.78109589,0.77781746,-0.00013461,0.01364610,130.50090620,119.50427246,130.60543351,120.30677551,130.78451672,120.34546748,132.13754374,123.14007081,7.58954617,6.70260632,144.87124970,0.00647016,26.37667303,3.72995094,7.74851231,129.39569594,118.96665851,0.00807428,24.23173721,3.17727369,0.80641533,151.19318261,61.25493622,3.62800541,6.21293482,9.37152610,12.82276193,17.03671493,21.40518524,26.72134436,36.71316565,45.88733212,32.26157602,0.77152504,0.43030695,0.19549546,0.51061205,0.00441713,0.72634710,0.57793822,2.50850067,0.01527032,0.71227183,0.60735451,0.28273739,1.58239484,0.59736594,0.69679380,1.00785609,1.55557344,0.00000000,
3568531_u                                         ,155.00000000,95.00000000,5.78109589,0.77781746,0.00148604,0.01650085,44.51029009,77.50662816,45.27859816,78.01803845,45.53587982,78.31219136,46.24215032,76.15421537,5.57896826,3.88333828,110.34308258,0.00424372,30.72798498,2.96723337,15.04559063,44.00000010,76.99999953,0.00366043,39.16723568,3.61226288,0.45005039,107.83399402,44.65110779,3.27721030,6.45264485,10.66424191,14.91272462,20.11705609,27.09756338,35.80280482,47.96148601,55.86169859,34.21289091,0.87115487,0.44354971,0.42671329,0.43966734,0.01841860,0.48076392,0.62311131,2.69766909,0.04055462,0.71080189,0.57695263,0.54610736,1.56009176,0.87875395,0.69365362,0.24882065,1.26242975,0.00000000,
3568809_u                                         ,45.00000000,71.00000000,5.78109589,0.77781746,0.00221541,0.01381424,29.50827679,19.52592592,34.33832248,21.06062461,36.18324045,21.04030847,34.96176828,21.96053772,5.27693714,3.19842207,176.75776088,0.03625014,9.99999999,0.50644665,34.86352945,33.36868718,19.60326021,0.02396317,9.90086057,0.31964171,0.66116724,171.97842678,13.00214577,5.26984944,6.60065398,7.96932997,9.51880870,11.15398866,12.81600264,14.31520507,16.91755190,20.52664916,24.06862318,0.40875055,0.26488786,0.44503331,0.34262277,0.02846941,0.31040641,0.55602423,21.05646709,0.02497157,0.57120381,0.56721814,0.25113217,1.40883901,1.00736689,0.86974297,-0.26765591,0.64104825,64.00000000,
3572718_u                                         ,123.00000000,165.00000000,5.78109589,0.77781746,-0.00032825,0.01410988,83.49862780,60.50529651,84.84516867,62.05001924,86.47399397,62.85746045,85.67305838,63.44877282,6.56304158,2.44178322,35.87225765,0.01919455,15.00000000,0.62901575,16.19573272,82.78671241,60.35518092,0.02012690,16.76997940,0.63281716,0.29608376,35.50404489,15.86492825,5.84834817,8.77931740,10.89442257,12.93664347,15.09274836,17.64841823,21.16511201,24.89242077,28.63290457,30.82387561,0.45260638,0.27809707,0.20263860,0.66346131,0.01749883,0.67844924,0.56715882,6.64818828,0.02032724,0.93432228,0.56879012,0.80348942,1.57214617,0.82705814,0.81205825,0.63562554,2.01702073,0.00000000,
3581730_u                                         ,95.00000000,109.00000000,5.78109589,0.77781746,0.00027369,0.01435194,51.51252392,45.52460198,51.97050581,46.37316326,53.05538267,47.06694177,52.84261555,47.10597060,3.49103888,2.48889319,34.34299577,0.01582361,9.94349400,0.50000266,87.47153905,51.33823765,45.39152568,0.00572405,15.19857176,2.40690568,0.60740462,31.21858090,11.13612652,2.23198952,4.00826750,6.03769338,8.39767023,10.13808476,12.01739747,14.10152863,17.84818271,22.53687433,16.11600496,0.64863731,0.34693777,0.20921174,0.56643935,0.00244965,0.74641161,0.51863465,5.98326488,0.00972180,0.78326344,0.58176104,0.54158556,1.50157796,0.80539230,0.77616987,0.59358188,3.52307149,0.00000000,
3610880_u                                         ,65.00000000,93.00000000,5.90674650,0.77781746,-0.00057766,0.01235443,43.52608661,30.55433313,44.20002191,31.22177710,44.79660519,30.68599247,44.63776726,31.55392869,3.70907134,2.49981934,168.06460358,0.00973789,7.89011107,1.01905742,14.14273207,43.16520323,30.15097422,0.01039197,9.09309001,1.03149006,0.45557691,171.35278863,4.54645109,2.71554072,4.01864173,5.25486277,6.59971213,7.93893204,9.41969958,11.41020595,13.86803678,17.54224069,12.99501760,0.53793570,0.34432298,0.17978920,0.61582891,0.00000000,0.80171172,0.52071099,7.29902426,0.01488831,0.81481111,0.51667042,0.40290608,1.57973107,0.86034672,0.87995245,0.08752775,0.64079930,0.00000000,
3614255_u                                         ,199.00000000,183.00000000,5.90674650,0.77781746,-0.00052631,0.01297895,88.50693913,96.50601728,89.48240729,97.52341265,90.07499055,97.96770849,94.14166853,97.81547315,4.06506427,3.61484254,74.24837222,0.02012605,13.55892011,0.50000139,584.88864540,88.39798565,96.43597592,0.00013177,133.85332134,11.85401236,0.82396435,74.48634420,26.27429199,2.53013089,4.63661319,7.28631875,11.69429688,16.00938824,20.22864337,24.30216370,28.78952974,36.50149794,32.46133319,0.79303370,0.35793595,0.37455946,0.72967485,0.00758949,0.76327248,0.76927319,4.34202483,0.04686472,0.90872757,0.59008720,0.82818604,1.56300039,0.81603359,0.72435508,0.42803749,1.35284336,32.00000000,
3616270_u                                         ,121.00000000,109.00000000,5.90674650,0.77781746,-0.00101783,0.01273414,52.50731949,58.50271879,52.78640390,58.71327167,53.33884131,59.68985522,52.96011711,58.71061531,3.81623569,2.30403327,46.20923906,0.02018873,7.94115301,1.84409035,9.37795327,51.45321681,57.52797423,0.01550666,12.42566274,1.32669581,0.31909089,47.00649888,9.40291977,2.44794191,4.07049782,5.79540836,7.39723252,8.85414966,10.90157987,13.05443497,15.47322549,21.08360691,17.66561197,0.57993333,0.37679805,0.10421138,0.43442558,0.00095111,0.66848890,0.32202485,1.97898982,0.04366847,0.76442718,0.53781821,0.19371048,1.59399119,0.83236997,0.84689032,0.35071327,1.39349170,0.00000000,
3616326_u                                         ,71.00000000,99.00000000,5.90674650,0.77781746,0.00067700,0.01261389,47.53467991,33.53792158,48.22270246,34.16391852,48.45597003,34.01282732,48.62661758,37.00028197,2.51156857,2.14860375,140.65496834,0.01313925,9.00000000,0.51248749,61.74623861,47.58616613,32.97242740,0.00012003,121.82330606,7.71063233,0.69136313,162.19185903,8.32287884,2.46966846,4.09787185,5.77235123,7.66882633,9.61291907,12.22884381,14.36516911,17.45488249,20.06243725,23.31915351,0.62935856,0.31952841,0.95627242,0.18693635,0.03383781,0.81520786,0.73050508,3.98893831,0.01757398,0.70515713,0.55461241,0.70557602,1.58063912,0.94799598,0.85949883,-0.05231646,0.59514361,32.00000000,
3622300_u                                         ,57.00000000,75.00000000,5.90674650,0.77781746,-0.00046753,0.01219719,28.50575074,25.53016747,32.82341006,25.09745873,32.58265677,25.52879497,34.63988134,26.13015645,5.49413730,2.99763491,175.66207637,0.01168624,5.00000000,49.93743514,132.98199451,28.45596606,25.51640458,-0.01510895,1.00003069,20.99999992,0.54176251,176.53443940,1.91458988,3.82904237,5.17414922,6.32659985,7.66642661,9.01878498,9.96199478,10.78361963,11.61435001,12.56283578,15.84095584,0.35115596,0.14393965,0.48912260,0.62892358,0.00000000,0.94811283,0.66484214,27.39284091,0.03111454,0.64486483,0.51834105,1.50489314,1.58356794,1.01482305,0.89086098,0.53519792,1.94596936,64.00000000,
3622330_u                                         ,71.00000000,79.00000000,5.90674650,0.77781746,0.00114854,0.01266281,43.60842676,12.61457042,45.51058920,14.25169445,45.38060212,15.16520711,42.44116331,13.90948924,2.83115643,0.97715197,29.25935959,0.00712043,14.00000000,0.50548402,264.02926815,30.52592580,11.90340402,0.00169678,42.81177018,1.22288519,0.28405688,9.12244009,4.03624535,6.52442644,11.31735118,14.56763979,19.54189759,24.65617245,26.99091482,28.27988218,29.48109488,30.91165962,34.28466168,0.41579882,0.09819666,0.49639741,0.66908001,0.09824948,0.94025905,0.84384467,7.32006855,0.03267352,0.68424471,0.55634390,0.29437867,1.57141158,0.83151147,0.84385934,0.51913860,2.99314700,0.00000000,
3624489_u                                         ,245.00000000,231.00000000,5.90674650,0.77781746,-0.00035819,0.01233033,116.50071806,116.50090558,116.77922802,117.30234568,119.22601697,117.12184386,113.54740947,116.17202335,3.53753767,1.99822539,131.12241498,0.00743917,24.00000000,0.50175628,17.45766863,114.90983084,116.81442322,0.00922680,22.62342552,0.34871625,0.55873380,132.26863683,23.19986916,9.54900948,14.24837690,18.06706874,21.73240094,24.73575860,27.72508603,29.90530411,32.75397068,39.08257351,38.79897133,0.36149856,0.19865792,0.23624270,0.83050369,0.00330438,0.97678292,0.69137873,2.18679486,0.01368610,0.77099779,0.52210852,0.70683164,1.52103201,0.80168295,0.83776064,-0.55297932,2.15357981,0.00000000,
3625420_u                                         ,101.00000000,67.00000000,5.90674650,0.77781746,0.00088643,0.01241990,31.51636836,49.50387325,32.34056019,49.39327082,33.13184210,50.31831998,33.96562657,46.49976456,4.75452764,2.73673354,101.32027839,0.01546074,11.74748725,2.34596508,13.72180641,30.99777998,48.53190007,0.02080568,11.88235751,0.83229876,0.45337895,99.78220564,17.21112251,5.39480937,7.18420788,9.00682927,11.44010623,14.04507644,17.62265438,23.29429691,30.95434204,41.52466733,25.50362812,0.63434269,0.47078205,0.52675170,0.27867634,0.01288194,0.38548416,0.60449707,3.26063358,0.02588787,0.72809820,0.57556968,0.49454686,1.53779369,0.87124342,0.83782503,0.04089778,0.96584584,0.00000000,
3628987_u                                         ,101.00000000,67.00000000,5.90674650,0.77781746,0.00014465,0.01252757,31.51127527,48.50229758,31.88910025,48.29479555,32.08144370,48.82717161,32.31350319,49.87750388,5.29999187,2.76265386,69.43452889,0.03053002,8.78070089,1.72448733,6.97975055,30.80167469,47.22409486,0.03077915,10.42408098,0.42391656,0.42120631,66.61815481,12.80622292,5.61023368,6.71946891,7.95216587,9.42036951,11.02881161,13.18056248,16.01048644,18.78409652,23.16677479,23.36134916,0.44645536,0.32233686,0.39581972,0.29738976,0.01695675,0.31923991,0.44228459,1.84516505,0.05488999,0.58084765,0.60387540,1.06308369,1.55139182,0.85795987,0.82453910,-0.07363350,2.19582689,0.00000000,
3642119_u                                         ,159.00000000,165.00000000,5.90674650,0.77781746,-0.00001669,0.01265413,25.71654240,67.50469482,25.87110489,67.71872631,26.38412490,68.34357922,25.87787193,67.91575219,0.98225442,0.86895261,5.45545374,0.00296553,2.00000000,49.99844502,1007.08788526,25.17174264,66.89726512,0.06292413,1.47420356,20.99999996,1.00000000,78.66160911,5.36308241,1.00000000,1.00000000,1.21369258,1.51971219,1.87067851,2.28679946,2.80747213,3.52828944,4.79157297,4.63061502,0.54756421,0.40847895,0.00907774,0.36015444,0.00000000,1.01128556,0.28041716,5.70131106,0.00274965,0.66187012,0.78468941,-0.14275544,1.57148155,0.29204157,0.64373084,-0.00757675,0.12483667,1.00000000,
3642715_u                                         ,189.00000000,179.00000000,5.90674650,0.77781746,0.00086523,0.01309336,126.50142172,43.50632102,126.63736588,44.06107654,125.83801634,44.73646556,126.34833796,44.84035843,4.85662961,2.44122289,159.13692750,0.01923850,3.00000000,49.99744591,348.49438915,124.01942440,43.31940677,0.11026684,2.20515484,21.00000000,0.70732246,90.57379157,10.64679623,1.00000000,1.44195313,1.96222387,2.51365409,3.10676343,3.75866523,4.50103077,5.40719097,6.74560994,6.32798911,0.57402056,0.33671304,0.00935774,0.28736100,0.00083757,0.90759474,0.18662726,9.02608081,0.00362510,0.70385773,0.81533648,-0.25589534,1.59052543,0.23758054,0.55331788,0.16278576,0.25461891,8.00000000,
3649999_u                                         ,91.00000000,145.00000000,5.90674650,0.77781746,0.00012378,0.01335318,70.51582431,44.50322576,71.37020669,44.72610708,72.68792443,45.25515491,72.74850022,45.83899529,3.84139969,2.52827973,18.80840069,0.00758054,12.00000000,0.77277936,37.04428467,70.45792058,43.50895640,0.00222862,27.53132152,2.80102718,0.52486683,3.78459530,9.42877960,3.39876858,5.29063572,7.54406113,10.06557718,12.35853075,15.40791898,18.77317549,21.11119484,25.08294589,14.79012611,0.60100495,0.30741170,0.13188934,0.56661442,0.00000000,0.83574658,0.50140586,5.97003207,0.00329812,0.85397225,0.54774381,0.23316421,1.59636999,0.80627684,0.88147516,0.18447283,1.39988611,0.00000000,
3651356_u                                         ,89.00000000,145.00000000,5.90674650,0.77781746,0.00005799,0.01325790,71.50666926,42.51185398,71.98514416,43.11505806,72.63588446,44.00000277,72.61117139,45.54371727,3.67972654,3.18356469,39.45114471,0.01032615,14.22386007,0.85339125,7.63691531,70.90930256,42.09805578,0.01052704,14.89432608,0.92501006,0.75869626,10.73276945,19.37619019,4.19599565,6.99850973,9.07962360,11.31446744,13.53076136,15.89360976,18.97392645,22.44419385,27.92821929,29.69945852,0.50609844,0.31472101,0.69026250,0.31838321,0.01396539,0.57523859,0.67051807,2.59240674,0.04928362,0.83299225,0.55081090,0.94844734,1.49482840,0.89588939,0.82951824,-0.55404499,0.54998899,0.00000000,
3655028_u                                         ,181.00000000,205.00000000,5.90674650,0.77781746,0.00085424,0.01287874,100.50341015,87.50252417,100.87112690,87.93948310,101.66198865,88.13248505,103.36776977,89.29760408,6.80172180,3.83360774,143.00815301,0.00572393,21.99999728,1.59226352,55.95634486,100.30319527,86.58101222,0.00217612,64.02915453,2.82104448,0.38229260,144.15908176,29.41890144,5.93171653,9.50510786,12.71174431,16.47301322,20.30607397,24.99910696,29.01919442,34.51362934,41.67688525,49.57362998,0.56003358,0.31226929,0.37262625,0.58794620,0.00324670,0.77355021,0.70879316,1.15201231,0.01626950,0.83051523,0.54222365,0.51792736,1.59963424,0.67250363,0.86148136,0.83501973,0.75790142,0.00000000,
3655548_u                                         ,265.00000000,215.00000000,5.90674650,0.77781746,-0.00189268,0.01304587,105.50224109,130.50185004,105.96785678,130.87454393,106.83186251,131.60808581,107.92597457,132.67625023,4.78922892,3.92165373,55.28566609,0.00413020,22.99999664,7.70691552,13.04896953,105.07141015,129.84152946,0.01057596,16.59531172,2.67073457,0.61016392,54.97354726,29.55948639,3.34660228,5.34719087,7.57786074,10.31641811,13.83971419,17.73457261,22.56927174,28.24911585,34.43728765,35.94105987,0.72287917,0.39590182,0.21170726,0.73919164,0.00142999,0.83182537,0.65753041,1.65939685,-0.03694424,0.83928967,0.61937772,1.06105203,1.60737125,0.76498775,0.77163849,0.27050546,1.42165427,0.00000000,
3663960_u                                         ,79.00000000,73.00000000,5.90674650,0.77781746,0.00080350,0.01318840,33.52384606,36.51929858,34.36748247,37.46598620,34.40980596,36.81600442,34.99655453,39.37403810,3.32511799,2.92621823,52.11143383,0.00373115,15.49763237,6.95957616,16.68755257,33.26684675,36.23787553,0.00996208,9.67443831,1.36664143,0.90632002,18.31623525,11.92665863,3.25710073,4.65538511,6.42644514,8.58367917,11.27086299,13.99698952,16.78544205,22.41311292,28.87151396,18.75215946,0.68254657,0.40851239,0.69952226,0.28381863,0.01436674,0.59982478,0.65646084,6.76213147,0.01822986,0.85618329,0.55337444,0.44291997,1.57003835,0.76431736,0.81640707,0.34375477,1.48606349,0.00000000,
3677266_u                                         ,215.00000000,143.00000000,5.90674650,0.77781746,-0.00014555,0.01315121,98.50859289,126.50596131,99.50256695,127.19851437,99.93909911,127.52441470,100.34155625,127.51639946,3.22891298,2.59297732,176.64448803,0.02362448,1.00000000,49.99962651,5114.22540856,104.50291604,126.34046327,0.00232931,11.50641509,20.99013178,0.94184940,1.80532825,33.00614166,1.00000000,1.05547820,1.29507904,1.56291084,1.86890076,2.22999079,2.67936859,3.29987164,4.46142970,4.48460314,0.49504778,0.37788781,0.00606414,0.09802347,0.00338450,0.61172800,0.07799655,27.01356675,0.01367767,0.54965149,0.81716611,-0.41218587,1.57733237,0.23395432,0.49916362,0.15163357,0.03803819,105.00000000,
3679360_u                                         ,115.00000000,91.00000000,5.90674650,0.77781746,0.00103136,0.01368527,43.50811653,55.50414575,43.88057143,55.83313647,43.99598028,56.49998473,45.69767482,54.74327900,3.33465649,3.19331520,44.36347029,0.00681858,13.99999987,1.82226186,22.08988782,42.73518738,54.81653485,0.00073692,54.25950246,4.35425197,0.92448766,77.23901820,17.78094101,3.36482717,5.73145566,8.16156909,10.67325030,13.30360432,16.89165419,21.19863255,24.50088751,28.15810027,33.13004160,0.63091688,0.32563403,1.05685484,0.05270387,0.01820809,0.66298967,0.79073339,1.49999279,0.03907101,1.00895736,0.53686749,0.53763912,1.59172583,0.90330094,0.82955836,0.36353541,0.71828891,0.00000000,
3688399_u                                         ,99.00000000,97.00000000,5.90674650,0.77781746,0.00042966,0.01352411,47.51262483,46.51566310,47.81744612,47.58922136,48.26519890,47.94348001,46.92557147,48.01584398,5.57512232,4.88422625,74.02220457,0.05207407,7.96874597,0.95668908,20.85181102,46.92414853,46.42535681,0.05072990,8.18915286,0.60559288,0.87100520,75.91194565,30.72409248,3.43873804,4.94079568,6.35320056,7.70318042,9.03778279,10.50034428,12.43529492,15.78203924,20.00176871,20.00711784,0.50436622,0.34500650,0.37314054,0.24025785,0.02050999,0.21037026,0.46280898,5.57798649,0.00925620,0.75714712,0.65383289,0.26729044,1.58753904,0.56168610,0.83513842,-0.42071304,1.14123702,0.00000000,
3696296_u                                         ,109.00000000,151.00000000,5.90674650,0.77781746,0.00155511,0.01390648,73.50254532,52.50491450,73.84723075,52.82436744,74.86752983,53.26427411,73.99947403,55.22851635,3.89822343,2.86063019,15.06746516,0.00139479,47.99999766,3.31801164,143.73046255,72.88679421,52.11475487,0.00024227,186.21636677,5.60373902,0.48956812,14.58415529,46.71213531,7.08195936,12.80554086,22.35113190,33.87095245,45.12849091,54.55092800,61.02194857,70.63080381,79.35219127,64.77330751,0.74159622,0.24510811,1.12134218,0.00793490,0.02620679,0.70136038,0.86937843,0.72553892,0.05056881,0.58466062,0.53695026,0.36080378,1.49197818,0.95175970,0.84960858,1.05970301,2.68819466,32.00000000,
3697278_u                                         ,197.00000000,115.00000000,5.90674650,0.77781746,-0.00114149,0.01372947,78.51245934,28.51056607,79.27723303,29.36002613,80.02045709,30.69040232,79.56677289,30.63302526,1.83119181,1.70513967,49.01620748,0.00421261,1.00000000,49.99832171,5114.23418009,86.85069274,28.71768380,-0.02799385,1.00047970,18.63298459,0.42840796,98.61210765,6.88979149,1.00000000,1.00000000,1.00000000,1.29810617,1.64366200,2.04425803,2.52818032,3.15715381,4.12545215,3.77553639,0.49929574,0.39965904,0.00259186,0.85115541,0.00000000,0.92121417,0.46366292,30.27398544,0.00000000,nan,0.54751539,0.46956868,1.63097334,0.28757067,0.75601460,0.28069185,0.11005098,65.00000000,
44104125_u                                        ,71.00000000,65.00000000,5.43226016,0.77781746,0.00069207,0.01048363,30.51608785,33.52806652,30.77598533,34.17903057,31.21473579,34.67490771,31.92693766,35.62276293,3.76895632,2.91208789,112.11488063,0.03545598,6.67678412,1.17778916,44.71970029,29.66845439,33.10314896,0.04689861,5.97350546,1.74212720,0.64692378,108.22444758,16.87046051,1.78427736,2.86997895,3.98590310,5.18015331,6.50838093,7.98896269,10.01989604,13.21193491,19.52434470,15.54342725,0.66308771,0.47710350,0.27633893,0.19853494,0.00586926,0.24026611,0.41545613,4.50948550,0.01786129,0.68549322,0.69237301,0.19444553,1.56485965,0.67749381,0.70382127,-0.11726978,1.21949779,0.00000000,
4413249_u                                         ,193.00000000,191.00000000,5.43226016,0.77781746,0.00139898,0.00875069,93.50278934,93.50754910,93.85444836,94.45951193,94.36474997,95.03682235,98.49376291,99.68107343,7.17960304,6.00175873,49.11786166,0.00138051,51.99998601,5.21471198,45.07526530,92.90097048,93.38731931,0.00009817,271.52918673,9.15699622,0.75517413,61.42850950,76.19554901,5.50843313,11.99525017,21.28447966,33.79298698,47.60737133,63.30184396,74.78313202,85.42676659,95.17099721,55.41621585,0.85258466,0.30083042,0.75401789,0.19735601,0.02515431,0.41399108,0.82730206,1.83130251,0.04194815,0.60056062,0.56367847,0.27073617,1.59096247,0.59711501,0.66064064,0.52501945,2.09020637,32.00000000,
4414930_u                                         ,271.00000000,377.00000000,5.43226016,0.77781746,-0.00152678,0.00885960,187.50240494,134.50252330,187.87951891,134.62259405,188.70769184,137.20090679,190.97842956,134.37890743,11.50762360,7.34662962,150.19186329,0.00335888,24.99999951,2.20098149,64.33485716,187.42455463,135.51470203,0.00541640,38.97789861,2.25028178,0.25243965,150.39536976,28.78804398,5.14663790,8.53048617,12.49950535,16.48026312,20.66146453,25.28096823,30.61293123,37.57470163,44.52412200,48.59553473,0.64392176,0.33343426,0.08503435,0.72653359,0.01142848,0.84354619,0.59542776,0.81441130,-0.02600210,0.73051668,0.56027459,0.46159997,1.55547538,0.79271698,0.80491423,0.70152413,0.83099398,0.00000000,
4910670_u                                         ,135.00000000,139.00000000,5.80655059,0.77781746,0.00018126,0.00933534,67.51319748,65.51066567,68.13099514,66.02663783,68.63467798,66.52818136,67.82705508,67.01353214,4.79557242,4.44284362,144.32781205,0.03012432,6.98001887,4.29873663,7.37666892,67.93184816,65.72352682,0.02021597,8.02223161,6.04592682,0.83563317,137.49448766,23.37899017,1.58537525,2.54054505,3.58654273,4.78209420,6.25875358,8.21733417,10.76077645,14.59012815,20.08939487,14.40726330,0.75913221,0.50647900,0.10796493,0.27107261,0.00337812,0.37999083,0.40256910,5.58692586,0.01944412,0.71097675,0.68832109,-0.12064310,1.55725729,0.57755015,0.60710331,0.37234214,0.31138543,0.00000000,
4912281_u                                         ,163.00000000,153.00000000,5.80655059,0.77781746,0.00023225,0.00950077,129.50200465,148.51191477,129.70749737,149.02668878,129.89977046,149.44851188,130.42400191,149.69828228,2.82717572,2.21556132,151.84949632,0.01090368,1.00000000,49.99682445,5114.24424573,129.07499209,148.78771380,0.14103972,1.25264662,20.74773217,1.00000000,178.28202262,8.44169617,1.00000000,1.03494428,1.27857502,1.55239941,1.86765828,2.24410499,2.72227860,3.41272242,4.92597081,4.29600901,0.51818400,0.42119442,0.00895856,0.16602776,0.00088119,0.67858036,0.07624477,12.90206505,0.00711968,0.66697855,0.76810405,-0.45569232,1.62398090,0.22406753,0.55282673,0.44180417,0.27374336,65.00000000,
4913097_u                                         ,91.00000000,151.00000000,5.80655059,0.77781746,0.00026557,0.00945328,72.51182465,42.52232860,73.27696568,43.23936500,73.28242305,44.16791083,73.61841937,43.08192762,3.43323504,2.55526801,179.43794003,0.00257510,22.99999696,1.86786191,27.74072633,73.54562577,43.27297830,0.00345943,25.81724000,1.77981998,0.47173708,171.39147588,15.94877052,4.69415920,8.04999295,11.69021947,15.14480959,19.60463121,24.57241063,26.68996019,30.83269359,40.25916545,34.02310877,0.58321597,0.31250609,0.55011374,0.44963589,0.03838779,0.65810099,0.67287799,3.08205097,0.04046452,0.92623508,0.54037672,0.77131158,1.58399448,0.82980028,0.83760954,0.45741366,1.92471277,0.00000000,
4914930_u                                         ,111.00000000,91.00000000,5.80655059,0.77781746,0.00128784,0.00980514,45.51271228,52.51518191,51.99218068,52.02355235,52.26778321,53.19889607,46.31403281,55.21572723,7.24490120,2.11080073,166.71193162,0.01388982,14.35563284,1.91806479,69.81468329,49.86508926,52.73442574,0.02145815,2.75486392,0.16362128,0.43708241,156.48441885,10.98635101,7.80051070,9.32035112,12.09965505,15.05615568,18.83740371,23.45575289,31.54298516,38.67262094,47.40221904,26.55924183,0.61797133,0.40077763,0.35684270,0.66259825,0.09774758,0.57569788,0.70691910,24.46640936,0.02843546,0.73924619,0.57101343,-0.00439460,1.54120549,0.78813403,0.68396241,-0.19073750,2.99755948,64.00000000,
4919525_u                                         ,153.00000000,153.00000000,5.80655059,0.77781746,0.00001311,0.00959128,17.50643157,5.50457962,18.22522293,8.22978284,20.60492214,8.79435935,20.41277180,8.47902847,4.08157675,2.19918611,137.11735523,0.00675800,6.94875085,49.99911208,25.48397066,18.24435792,7.12073356,0.00289479,38.64657359,21.00000000,0.04999990,114.08716602,2.74676371,1.88085267,2.70413382,3.46001432,4.23975489,5.17721507,6.64810119,8.55483057,10.58154215,14.18067555,17.58445138,0.59252079,0.43760071,0.00527430,0.62100816,0.00717002,0.73402477,0.23676195,16.02781121,0.00566529,0.87736467,0.70312090,0.74285772,1.52759887,0.86271673,0.72131132,-0.08802971,1.99940235,104.00000000,
4919632_u                                         ,177.00000000,185.00000000,5.80655059,0.77781746,0.00082477,0.00974586,90.50114155,86.50377388,90.69856696,86.84635694,91.11304810,87.51991883,96.68731023,82.29610732,7.44277374,5.47659300,33.45612240,0.00204536,50.99999943,3.28418799,16.44011971,90.41360409,86.72343686,0.00012460,256.01155900,10.32455056,0.53402947,32.43880763,62.60218811,4.44834167,8.84195360,14.71416868,22.45466707,31.34602584,41.33994996,54.57539499,69.62290811,87.43186237,54.30911848,0.89620393,0.44548724,0.59944087,0.30160978,0.01220291,0.39380253,0.71512884,0.72805171,0.06134553,0.73308665,0.59659219,0.57060865,1.57749814,0.64777074,0.62227673,0.57322940,1.40952848,32.00000000,
4919961_u                                         ,113.00000000,99.00000000,5.80655059,0.77781746,0.00047919,0.01002883,81.50691251,19.51356901,82.56731790,20.60639660,81.70183118,20.49997416,81.83893994,18.39288028,4.48957455,2.56489746,25.72453395,0.00909213,14.99999363,2.71750560,12.80504573,82.00342456,20.10877521,0.01329735,13.62865449,1.03964126,0.53918100,23.38576110,13.89583492,4.33303547,6.21986948,7.99463994,10.15547790,12.39867320,14.63826058,17.27636514,20.58460728,26.68284128,24.63209090,0.51976131,0.33285686,0.23723909,0.38602162,0.04841723,0.41852131,0.24849157,6.18192845,0.01159161,0.46226245,0.55835202,0.16245075,1.63817960,0.88484412,0.86456123,0.58787323,1.11917554,0.00000000,
4920374_u                                         ,65.00000000,81.00000000,5.80655059,0.77781746,-0.00020614,0.00990733,47.52243857,30.52470357,45.47075352,31.76036011,47.69961795,31.62629047,49.30143236,32.13078110,4.84737459,2.81383068,162.17802078,0.00460302,4.00000000,49.95856798,372.09763718,46.92148124,30.33271199,0.00002425,103.85544128,21.00000000,0.32519793,157.64993759,1.21581221,3.44613199,4.81523340,6.02188177,7.08420856,8.04273638,9.10552150,10.52551252,11.68176325,12.44227375,14.28759567,0.38489106,0.18949592,0.18799247,0.91906864,0.00626804,0.88388935,0.79193887,16.76313381,0.00360606,1.11575741,0.48218067,0.48787688,1.72027548,1.00476784,0.89450357,0.56732856,0.83033883,96.00000000,
4920551_u                                         ,127.00000000,143.00000000,5.80655059,0.77781746,0.00001344,0.00988742,70.50721906,61.50909138,71.37451765,62.42523326,71.70406728,63.15836606,73.80222849,61.76629050,4.65440254,2.82430764,26.56669163,0.01153790,13.58374443,1.35457569,7.93261437,70.90193681,62.03506016,0.01480164,12.52442422,0.92807352,0.56524353,23.23304469,15.48402500,4.45244163,6.58215375,8.60900472,10.68075363,13.21046815,15.72561126,18.83610875,22.66234907,28.47565353,28.55346149,0.53693690,0.33355549,0.38170239,0.54159594,0.01950154,0.61105140,0.59159795,4.41822336,0.02038988,0.64553814,0.59544565,0.85298428,1.66191594,0.72436523,0.84786037,-0.13763967,0.87886698,0.00000000,
492211_u                                          ,105.00000000,139.00000000,5.80655059,0.77781746,0.00000363,0.00976330,65.52187180,50.50329167,66.57029112,50.50587647,66.53617027,52.02923284,64.95126292,52.04122834,3.65913287,2.82342643,112.29201632,0.00571278,11.99999903,22.08832766,16.43811267,65.44241246,50.59060376,-0.00403834,1.00016366,21.00000000,0.46237505,108.62322495,9.65001297,3.02824950,4.62900030,5.98972666,7.63886178,9.96141100,12.58815587,16.67105472,21.14636065,24.31055941,14.90346721,0.65974843,0.38747409,0.09585914,0.48765329,0.00512658,0.69296654,0.46096886,7.03475568,0.00274952,1.07229033,0.55698866,0.19790130,1.63942463,0.81485123,0.86853383,0.39182783,0.66721625,0.00000000,
4922462_u                                         ,105.00000000,91.00000000,5.80655059,0.77781746,0.00128275,0.00996739,44.50532171,27.53299301,44.52857126,32.31503893,44.52871706,40.75669690,40.86997247,46.10710883,7.80218729,1.86168369,92.27557993,0.00341825,34.99999693,2.37512465,43.96005074,44.53586172,35.79288986,0.00276662,39.72897657,1.63926633,0.31284508,96.01818701,16.87125778,3.61514803,5.81433314,10.99344992,16.39727458,22.16821230,28.19033239,37.04472157,46.94880141,57.37522958,37.67955903,0.90712460,0.41299376,0.40762043,0.55532527,0.16938643,0.65509826,0.54090493,12.69150320,0.10774914,0.42953731,0.62656029,0.01113061,1.57331023,0.90078822,0.59126337,1.17477581,2.94633837,64.00000000,
4924945_u                                         ,133.00000000,125.00000000,5.80655059,0.77781746,-0.00054960,0.01017816,59.50274113,63.50301813,59.44064770,63.95740485,61.67815258,64.21712796,61.19998130,64.75065537,4.67573270,3.21694724,50.89143213,0.00525087,13.58508800,1.09655011,28.89667112,59.46461591,63.65404612,0.00484854,14.83267864,0.94093271,0.63239797,53.38874918,7.40528011,5.19213480,7.56158057,9.78449031,11.48314561,13.39539949,16.29164577,19.76059601,27.56841311,31.36309976,20.43440903,0.56179918,0.36946331,0.25009659,0.73677216,0.00136112,0.81612640,0.63739727,2.24430142,0.03035694,0.93970062,0.51639825,0.48584002,1.61957622,0.81109446,0.89450628,-0.76328771,2.61933848,0.00000000,
4925073_u                                         ,197.00000000,177.00000000,5.80655059,0.77781746,-0.00032839,0.01002917,85.50245415,95.50481093,85.91024608,95.87193716,85.75615646,95.59030625,85.16932627,98.71970163,3.39509285,2.96955847,2.87047300,0.00222968,15.99999467,2.36093637,50.74697762,85.77843514,95.85132042,0.00223460,18.70013871,2.22897652,0.88721777,169.71822227,8.86956978,3.56213418,5.61840940,8.19512225,10.59579742,13.28518842,15.80340357,20.61726365,25.39995788,29.36103341,18.66320601,0.65521961,0.34440362,0.14430028,0.87830289,0.00108690,0.95852739,0.70422250,2.94002998,0.00799096,0.95181329,0.52364574,0.39924712,1.58057962,0.66072186,0.87533399,1.00533412,1.99013271,0.00000000,
4925306_u                                         ,87.00000000,47.00000000,5.80655059,0.77781746,-0.00008957,0.00964258,21.51189805,41.51077038,21.89919463,42.16703015,22.41245701,42.89177598,23.35121929,40.83031077,3.69884087,2.85999439,64.02386472,0.00781860,3.00000000,49.91494683,440.39613677,21.59399223,41.37657220,0.00006242,98.88174506,21.00000000,0.34598233,79.21379332,2.30434227,2.09561441,3.42139353,4.46571470,5.23950891,5.88982118,6.54174118,7.33857019,8.59302710,10.05603805,12.11878533,0.39994315,0.23232480,0.16419913,0.58950637,0.00000000,0.69608820,0.46475080,6.28792959,0.00191987,0.93297379,0.50695697,0.54112993,1.51748139,0.81614049,0.91632093,0.84148129,0.68703768,32.00000000,
4928114_u                                         ,75.00000000,77.00000000,5.80655059,0.77781746,0.00132209,0.01070758,35.50825915,33.50659387,34.86114059,34.08748699,34.34727820,34.21801742,34.15281201,34.45956358,3.57793383,2.87871394,109.89308990,0.00427820,14.00000000,0.50620859,369.30465335,46.16073426,36.99387061,0.00213535,29.43128588,0.31885373,0.93111661,151.37034287,6.41814041,5.98272812,10.72533667,15.06416263,19.72914863,22.77177616,25.77155684,27.80481816,31.37914529,32.36716943,16.99423812,0.46623018,0.15270781,0.61014956,0.47024493,0.01445114,0.90003782,0.86642153,5.11701184,0.01477998,0.94127775,0.51195711,0.01608790,1.62786658,0.82016256,0.83134028,-0.10749745,2.70434357,0.00000000,
4929584_u                                         ,189.00000000,173.00000000,5.80655059,0.77781746,0.00080321,0.01015663,92.50491090,124.50734983,85.06883617,126.30193887,85.35957376,126.58740419,85.91480128,126.87465940,11.37366541,3.14404742,170.44528393,0.03277168,13.00000000,0.50000000,45.96112749,85.26085827,125.91671542,0.05111823,3.53531386,0.16362066,0.22624599,170.22203441,16.83054161,8.95714071,10.64374093,11.57745934,12.36765497,13.19480101,14.24526860,16.12433605,18.73659834,23.00023533,22.91523288,0.24559645,0.24132943,0.04626853,1.05823253,0.11369970,0.84855634,0.62299314,33.38198358,0.03303523,0.44590349,0.72648903,0.00728126,1.50146304,0.75363815,0.60583352,0.03149484,0.80785894,64.00000000,
4929667_u                                         ,143.00000000,125.00000000,5.80655059,0.77781746,0.00035482,0.01012983,61.50214934,71.49886375,59.62685107,68.08086766,58.85178392,67.28542799,58.24946745,65.91397739,10.00254364,4.13473895,55.32455013,0.03293022,17.16003498,0.50000684,1080.34035981,58.49347848,66.76752223,0.03094131,4.90681440,0.16363832,0.36029000,56.08156714,26.31588364,9.60115711,12.64058956,15.20575068,17.11794271,19.50402340,23.53552119,28.73242980,37.91380091,50.82313710,34.32707147,0.47703000,0.41593726,0.30499986,0.47426965,0.05679020,0.45502251,0.52341423,11.35735112,0.07610136,0.63601564,0.62088347,0.13437766,1.59357703,0.62653768,0.78904675,-0.16099964,2.16554646,64.00000000,
4929956_u                                         ,253.00000000,155.00000000,5.80655059,0.77781746,0.00103896,0.01025202,74.50468793,124.50252221,75.41882565,125.03799756,75.64543028,125.19855094,79.18403295,126.53218156,6.54874942,4.81721743,62.18372251,0.00204800,46.99999997,5.84309688,52.36885903,74.95568968,124.36897124,0.00012165,296.67432475,9.62050874,0.51071142,63.91677155,88.46532440,6.17071837,12.50141368,21.72922421,35.69251523,55.46888412,75.59708219,87.67941441,90.50538644,93.69174341,50.08900124,0.85971530,0.22765189,0.44078407,0.43140537,0.01021118,0.48173516,0.72733890,2.11508538,0.02753962,0.67212240,0.60079062,0.46850485,1.57221210,0.84760260,0.69042737,0.50239582,1.80176567,32.00000000,
4929968_u                                         ,199.00000000,127.00000000,5.80655059,0.77781746,0.00033191,0.01025890,61.50694706,95.50403504,62.42469766,96.40149104,63.61031208,93.99491095,64.27627985,93.30974909,5.13345841,2.67775032,113.40125645,0.00551145,21.94436742,0.81814289,35.64503386,62.87972199,94.50065590,0.00609312,32.21240022,1.00094137,0.21303693,114.99463866,16.73479843,7.99548394,11.65681548,15.32716334,19.21321366,23.91547712,29.72401455,35.87431274,45.84754440,54.41566510,36.27397258,0.59473616,0.35704489,0.16230530,0.60826521,0.00527062,0.80003880,0.49319388,3.53869462,0.01274076,0.79932041,0.51536319,0.65079037,1.58021259,0.73620158,0.88963291,0.59210641,2.51495427,0.00000000,
4930548_u                                         ,185.00000000,181.00000000,5.80655059,0.77781746,0.00009720,0.01010060,88.50591704,90.50209640,89.07498052,90.83065154,89.61338825,91.42103988,88.79564042,91.56161870,5.35247301,4.51209213,59.39268418,0.00323190,26.57932489,5.43313727,12.78219292,88.91289934,90.62315851,0.00143716,43.86392236,6.20743461,0.70110846,57.08789352,32.79066467,2.88153839,5.40122780,8.18334502,11.30105945,15.91879579,21.27143102,27.72572078,35.83277529,46.71323588,37.75873485,0.82178795,0.46752974,0.42649686,0.49622852,0.00735941,0.52499024,0.71035151,1.74026223,0.04425033,0.82932226,0.60828694,0.61951656,1.58940212,0.68248003,0.67068007,0.60035452,1.10065750,0.00000000,
4930948_u                                         ,101.00000000,95.00000000,5.80655059,0.77781746,-0.00018041,0.00990450,48.51483601,44.51919381,49.01250797,45.28669638,49.67481832,45.88227800,49.84160529,45.06839144,4.12661253,2.69572534,134.18214828,0.00601549,6.75746624,1.88368385,32.42586925,48.59626097,44.90020205,0.00670249,8.97475668,3.40508328,0.28961144,132.39586407,2.32098770,2.18807389,3.07520879,3.86982761,4.72155392,5.89079917,7.12885308,8.05275296,9.16662037,14.86370023,10.25942029,0.47433464,0.40195272,0.04237295,0.64778361,0.00000000,0.90147940,0.48073322,8.91603600,0.00075139,0.90380038,0.48472993,0.27817562,1.68911056,0.71739979,0.86232389,0.90033047,0.90358921,0.00000000,
4932425_u                                         ,163.00000000,173.00000000,5.80655059,0.77781746,0.00045832,0.01015866,35.51090830,124.50613505,35.76777710,124.90563080,36.17907246,125.49166793,36.30775705,125.29147018,2.31579302,1.90758292,13.32042974,0.00723845,1.00000000,49.99886144,5114.23055179,35.60112527,125.02658946,0.11684155,1.34187664,20.99999996,1.00000000,83.39852474,5.93442297,1.00000000,1.04484576,1.30115066,1.58807872,1.91648648,2.30492512,2.78971505,3.46073436,4.68627291,4.38570039,0.52011608,0.38832182,0.00758868,0.21614104,0.00000000,0.90933730,0.12261932,10.82953544,0.00310915,0.56351732,0.75127888,-0.37725278,1.56118038,0.22878146,0.60361645,0.44627693,0.29899042,65.00000000,
4933971_u                                         ,191.00000000,177.00000000,5.80655059,0.77781746,0.00122663,0.01037004,85.50627628,93.50114720,86.28540471,93.56878923,86.59285021,94.41663441,86.07921130,98.59234029,6.60953105,5.78898456,59.01549781,0.00379223,30.99999500,6.34202469,9.86486868,85.72689537,93.62896820,0.00052489,102.56909816,8.80082163,0.74276293,63.70103660,58.27324677,3.32177028,5.96127114,8.99558660,13.06088455,18.39215264,24.23268077,32.05232518,42.31313162,53.68724517,34.33922647,0.85113629,0.46523856,0.32497802,0.33103218,0.01233487,0.36910719,0.58566051,2.27745133,0.01819084,0.85845270,0.62008359,0.20818920,1.55499311,0.56134814,0.65122944,0.70687033,1.09852835,32.00000000,
4934060_u                                         ,145.00000000,149.00000000,5.80655059,0.77781746,-0.00013676,0.01040771,71.50334402,70.50174425,71.63610879,70.54300589,73.54087226,71.10792878,72.62631642,70.47466508,4.36199795,4.31020863,41.25677400,0.00594481,16.94795823,0.97406265,11.07059403,72.33765315,70.66797206,0.00278179,22.51731019,3.20594609,0.97798102,22.55282583,20.08386993,3.33422100,5.77208301,8.48449682,11.54056660,14.40966167,17.22778750,20.62463409,23.99166370,28.92380890,28.44011246,0.61872780,0.30260170,0.52530587,0.51249879,0.02305438,0.65426973,0.67679898,0.48884757,0.04637001,0.72830420,0.57561423,0.99166944,1.53583930,0.80509860,0.79860136,0.60121211,1.12607588,0.00000000,
4934105_u                                         ,89.00000000,97.00000000,5.80655059,0.77781746,0.00102973,0.01003317,81.51723029,87.00697163,82.33852921,83.02940257,82.59615778,82.88519726,83.52382311,82.99927685,3.94007716,3.23539665,5.31805861,0.01889593,6.00000000,2.70163845,29.84484564,81.63441738,87.27795893,0.01737159,6.57593501,0.90368974,0.99999883,15.77220150,5.05826235,3.92348961,4.63791104,5.22020544,5.75116298,6.29767877,6.96154862,8.33600222,9.99762452,13.12837339,12.92902908,0.33357441,0.31903042,0.10485532,0.46932748,0.01434107,0.39494648,0.37954129,31.41361969,0.01545846,0.71815928,0.59834313,-0.07807854,1.48482059,0.79885933,0.82607535,-0.09950628,0.46597946,64.00000000,
4934175_u                                         ,135.00000000,121.00000000,5.80655059,0.77781746,0.00120553,0.01013256,57.50340062,65.50880555,57.96354847,66.14505845,60.09698736,65.67937874,54.99865427,68.99988745,4.27650440,2.67889285,18.09242215,0.00169410,38.00000000,1.78678552,99.28759927,59.00000141,66.00000265,0.00074484,55.69633123,3.03810007,0.80249817,32.76369805,25.30008698,7.92284891,13.64751996,21.78112279,31.99226432,44.02717249,51.44937732,59.12053465,65.29524756,72.69281798,40.80508381,0.67982783,0.21777071,1.02964818,0.15822450,0.05824634,0.92468080,0.94151833,1.92429307,0.04347819,0.76916416,0.52750419,0.04735750,1.61974776,0.90120293,0.77622060,-0.44800410,3.49680482,0.00000000,
4934189_u                                         ,135.00000000,147.00000000,5.80655059,0.77781746,0.00004915,0.01021442,71.50759818,66.50266912,71.92845866,66.70138791,72.21948979,67.20225765,71.99973482,69.69694268,3.65894100,3.40730087,42.09832064,0.00318712,16.99999700,3.07542071,28.15912229,71.56685547,66.50741319,0.00340370,13.31826665,3.40796158,1.00000007,39.88575351,15.79470634,2.88341296,4.76169271,7.23165621,9.99462170,12.70294493,16.47141431,20.71331017,25.58097176,30.59015641,35.18407689,0.73015567,0.38167728,1.29927146,-0.11348777,0.02056589,0.85023252,0.81175177,1.32280493,0.04556990,0.60793202,0.59211105,1.06624795,1.55147555,0.80874826,0.76946758,0.35639875,1.58265841,0.00000000,
4934561_u                                         ,321.00000000,261.00000000,5.80655059,0.77781746,0.00046957,0.01075809,125.50138480,158.50133821,126.29125502,158.78696687,127.26342495,158.06569220,134.25555373,157.36544974,3.44257909,3.09264223,89.89950676,0.00868353,27.92507298,0.61936450,18.09506470,126.20300847,157.53073174,0.00655424,28.50556399,1.18970100,1.00000000,5.88508058,66.58500671,8.14833294,14.83318560,19.82888038,23.83236141,28.01588882,33.50956949,39.63774680,49.07930590,67.50111427,50.44875517,0.51966398,0.38190654,0.48883575,0.61248129,0.01620559,0.87979827,0.72491603,1.66491282,0.02468240,0.67991740,0.55228455,0.63019822,1.59296717,0.69416648,0.77286835,0.33501320,2.70301930,0.00000000,
4934657_u                                         ,155.00000000,131.00000000,5.80655059,0.77781746,0.00004790,0.01019933,61.50274726,19.51627440,61.56709714,20.32193077,62.08492144,21.26537888,62.05496575,21.25642067,2.34732345,2.26426910,163.00694891,0.00878595,4.00000000,49.99909580,172.51114965,61.78149968,19.49062283,0.22572360,1.38757996,21.00000000,1.00000000,49.97283036,7.89468098,1.72330704,2.31359318,2.85407938,3.38099321,3.92189485,4.51330471,5.24323590,6.36908267,8.24143124,6.98267301,0.43978989,0.32250669,0.03177205,0.40953912,0.02849288,0.73099078,0.30001790,11.57468171,0.00388522,0.65725797,0.72800703,-0.15194207,1.51335202,0.48255096,0.70113377,-0.08939225,0.64752577,64.00000000,
4935000_u                                         ,89.00000000,93.00000000,5.80655059,0.77781746,0.00072264,0.00998631,44.50069042,41.52145321,44.51342247,42.06957722,45.54203464,42.94285988,45.13554458,41.42417800,2.51257507,2.06155964,46.26654192,0.00614971,12.00000000,0.51187375,149.55791084,44.99999934,42.99999973,0.00113584,22.76956805,2.61941544,0.67949944,9.98724643,5.07020760,3.37661738,5.10892246,7.24355292,10.85464739,15.70878453,17.88420946,21.36193556,22.79491067,26.51228523,14.54010052,0.64950858,0.22730458,0.25221518,0.74306364,0.00000000,0.91691490,0.75140396,3.77075697,0.00200098,0.66622694,0.52557548,0.42333183,1.56382474,0.77543684,0.87984920,0.23101740,1.84426739,0.00000000,
4935379_u                                         ,77.00000000,83.00000000,5.80655059,0.77781746,0.00110380,0.01035319,14.51859301,9.51822485,15.63756844,10.98860988,16.59869811,12.23954654,17.19949006,10.99734469,3.53317686,3.42409975,52.19223006,0.01345335,6.34016312,13.00323812,74.29110318,15.84531841,11.22808784,0.02587083,1.24657906,0.16362048,0.95277390,4.96471936,6.24411488,3.47663386,4.21701277,4.93137526,5.72909127,6.70381597,8.05926978,9.96753364,13.94195254,22.59073725,13.73126951,0.51931868,0.52760832,0.24878681,0.42049850,0.02872692,0.43581726,0.54494939,13.45642993,0.01783254,0.74682009,0.60496357,0.02038999,1.56218066,0.87092319,0.80032281,0.35948391,1.16996504,66.00000000,
4938117_u                                         ,81.00000000,81.00000000,5.80655059,0.77781746,0.00066373,0.01094735,38.52512159,38.51493860,38.90370595,39.00775723,39.32954252,39.52197315,38.64995295,40.54165193,3.07004939,2.58595752,100.83318083,0.01165165,4.00000000,49.98933430,237.00832758,38.71817416,38.45544224,0.00007311,95.51895573,21.00000000,0.77525860,108.70911945,5.87126541,1.82475776,2.69998059,3.54992128,4.41662114,5.35145421,6.42569018,7.74745819,9.22667240,10.63531245,12.41097912,0.53368446,0.29827844,0.23444441,0.47820813,0.00725419,0.60862199,0.46741978,5.00723549,0.00879514,1.04188690,0.60714650,0.33919674,1.57757938,0.70970359,0.82719368,-0.09768878,0.21777777,32.00000000,
4939104_u                                         ,137.00000000,127.00000000,5.80655059,0.77781746,-0.00017419,0.01031036,60.51232165,66.50575571,61.36390822,67.13853755,61.68914120,67.25092050,61.30984301,70.62498123,4.87716352,3.80808221,69.95081694,0.00929551,12.33975246,1.19857293,17.83724643,61.10598374,66.59708146,0.00491681,18.47244420,3.17024909,0.59135229,71.20825159,14.74242306,2.94898686,4.78599692,6.85574874,8.98894091,11.11894095,13.63214504,17.07939222,22.57210003,26.83645916,26.89908212,0.67359955,0.38266179,0.34443757,0.55244707,0.01172389,0.59140131,0.70355830,3.94418247,0.01908205,0.76852828,0.60073193,0.52226537,1.61060045,0.70394020,0.79654871,0.28922922,1.28834037,0.00000000,
4940114_u                                         ,199.00000000,205.00000000,5.80655059,0.77781746,0.00083730,0.01057464,100.50664747,97.50680549,101.67462644,97.98466925,101.65437953,99.00225761,104.38450785,94.50045458,8.93415255,7.56194122,122.49090808,0.00459182,36.97551004,4.42556797,8.52845423,100.76916828,98.24531463,0.00292314,46.11093894,4.78432697,0.88427939,113.57687530,92.68894958,4.53657142,8.25234511,12.45604945,17.81977248,24.71642644,32.54608476,42.67173144,57.12352788,75.25921170,48.21603893,0.84023764,0.48357399,0.58096701,0.24687359,0.02069902,0.29377279,0.66795737,2.61729150,0.04110908,0.77390872,0.62253158,0.29832734,1.60193369,0.55200569,0.60872647,1.05730862,0.97231594,0.00000000,
4940330_u                                         ,105.00000000,77.00000000,5.80655059,0.77781746,0.00055754,0.01002801,24.51044761,51.50598320,26.06984564,51.88714379,26.46376146,51.00147853,27.36267878,52.24611506,3.79974046,2.87099026,1.65872094,0.00555467,16.00000000,0.51231874,57.31350293,25.64350738,51.05308978,0.00070329,55.58265305,1.89104644,0.54730661,160.35542841,7.71872997,5.76693433,9.38289634,13.05065191,16.64973448,20.25772398,23.97756977,26.19165221,28.03261054,31.86209231,32.60700781,0.47532662,0.19668364,0.73717970,0.34334521,0.05055534,0.84457273,0.78683862,4.92319158,0.03008381,0.95020213,0.50701886,0.70147141,1.63923929,0.89221856,0.81871200,0.95204827,2.79942472,0.00000000,
4940410_u                                         ,51.00000000,55.00000000,5.80655059,0.77781746,0.00012955,0.01109047,27.54109611,23.54793708,28.15348427,25.60793916,28.15348427,26.88833612,27.81463010,27.40124586,3.56756188,2.44940320,116.20532953,0.00360175,5.00000000,49.86447247,197.11934081,27.89641021,23.92673400,0.01234223,1.00000000,20.99999997,0.99517611,87.25151702,1.16508186,1.48638885,2.85133933,4.27569942,5.00507108,5.51529392,5.98767269,6.52601578,9.77457414,10.57785235,8.45812589,0.53504894,0.28282884,0.37273899,0.75484732,0.00000000,0.92641566,0.66056514,25.40869380,0.00031365,1.11907323,0.53934278,0.62021852,1.60307367,1.00468310,0.89612826,0.42242590,1.76553510,64.00000000,
4941079_u                                         ,71.00000000,85.00000000,5.80655059,0.77781746,0.00058129,0.01040895,54.51866748,2.50116509,54.82365257,3.89125059,54.90514288,4.00933464,55.85319738,4.23977058,2.96296199,1.96796812,177.22395881,0.00764620,7.12108342,49.99979738,47.45780971,54.59615547,3.25150731,0.00015438,41.04314860,19.08046156,0.70320743,179.55612007,2.87533307,2.12785754,3.29609397,4.41804012,5.57995218,7.05630559,9.94463213,11.80813139,16.08815318,17.99149681,12.53365018,0.68850661,0.40648992,0.15876234,0.65355543,0.02459711,0.83312541,0.63582397,11.35462660,0.00525303,0.92003912,0.54338951,0.23564979,1.56142622,0.89373645,0.87883959,-0.01851523,0.75949503,96.00000000,
4941159_u                                         ,79.00000000,73.00000000,5.80655059,0.77781746,0.00168103,0.01074797,34.60175018,38.60724213,34.75599182,38.51054203,36.02052951,38.82774755,41.06334984,32.22898410,1.11537354,0.90836714,153.08106211,0.00266739,28.99999008,1.00754974,63.34245257,44.98227459,32.98916804,0.00360580,26.00598682,1.34286239,0.72941232,156.27993862,18.66535568,6.04084560,11.40042267,14.54823933,17.84912465,20.98463255,23.22060329,26.57014222,32.29390600,40.88305090,35.64103386,0.45219962,0.28964193,1.19888842,-0.22052643,0.29655173,0.90948620,0.72519908,0.51078142,0.06842657,0.49248652,0.57641590,0.25819375,1.51475153,0.85696922,0.76464242,0.57086363,3.57003661,0.00000000,
4941186_u                                         ,55.00000000,63.00000000,5.80655059,0.77781746,0.00299981,0.01100847,29.51681338,25.53851641,29.92260572,25.99294209,30.35257326,26.38473019,25.50056486,25.44625928,2.51684070,1.81157592,19.48112647,0.00504964,18.99999987,1.52364672,48.65306567,20.66176931,21.04321317,0.00942528,31.94113501,1.82841066,0.40339914,31.71724393,36.29974747,3.82451003,7.50584686,13.05278809,15.96721084,17.14629655,17.93274299,18.71345027,19.90991235,25.15865961,22.54735597,0.42366965,0.16651717,0.18641259,1.08227441,0.86030638,0.98767246,0.35745682,2.70203445,0.14695058,0.18055543,0.75156249,-0.02014907,1.60636554,0.95735037,0.40988228,1.24427564,1.19156684,0.00000000,
4941229_u                                         ,41.00000000,49.00000000,5.80655059,0.77781746,0.00079166,0.01031511,22.52950709,18.54757615,22.64574458,19.89081427,23.77803181,19.89081427,23.07086209,20.68111723,4.21209401,2.66308758,11.40830675,0.00868645,9.00000000,0.50360528,72.32119065,22.29672427,18.82669907,0.00028943,63.88571681,6.33046554,0.29122222,172.30487966,3.54921246,2.63241157,4.24085902,5.54540437,6.96344247,9.53312851,11.16405682,16.85456420,18.21062432,20.05105512,12.11070498,0.63287100,0.32290178,0.26208410,0.39407660,0.00000000,0.74079817,0.34313487,11.13277939,0.00449966,1.36558369,0.51601283,0.37149348,1.63295192,1.06584573,0.88988521,-0.48575138,1.16380950,96.00000000,
4941897_u                                         ,91.00000000,75.00000000,5.80655059,0.77781746,0.00008980,0.01029356,36.51612663,42.50811837,36.67544148,42.80285193,37.35489876,43.31270090,36.87746759,43.10883116,3.52571815,2.34294803,126.81572933,0.01142835,5.99999320,1.88658758,54.44400363,36.80224781,42.55629243,0.00317330,18.78025427,18.57953252,0.23574103,128.89687405,4.78803825,1.95989752,2.93540999,3.76732353,4.63330443,5.78886480,7.33460271,8.86876222,11.31799430,13.66888939,17.56942468,0.58610070,0.37313982,0.14557019,0.54581915,0.00766257,0.64483767,0.46974695,1.90692621,0.01447541,0.56095802,0.58599669,0.64686507,1.60253442,0.86890123,0.83806896,0.46183374,0.45631293,0.00000000,
4942396_u                                         ,127.00000000,135.00000000,5.80655059,0.77781746,0.00029985,0.01026875,65.50074799,60.51184819,65.55573412,61.19171106,66.50172448,61.83466648,66.17366473,62.09146217,3.24070117,2.75007011,15.89013575,0.01193131,13.58457041,0.50000922,62.91226760,65.32520443,60.98478385,0.00007878,185.34821665,8.04228395,0.71909980,174.36299517,15.26523304,2.97183217,5.40993376,8.78682687,11.68494752,15.15724213,17.93624121,22.18902988,27.29751651,31.85651278,26.14484040,0.70293119,0.32257805,0.41955540,0.53955880,0.00834382,0.66196698,0.65654427,2.60886214,0.02147364,0.72965958,0.56959976,0.57915138,1.56861979,0.75471610,0.79426606,0.55692122,1.05002748,32.00000000,
4942469_u                                         ,69.00000000,71.00000000,5.80655059,0.77781746,-0.00038696,0.01037809,33.52742969,31.51209825,34.05184268,32.22842642,33.41337063,32.42985408,33.97481025,33.09593577,4.19759076,2.50818189,128.60199500,0.00807842,4.00000000,49.99833335,142.50735997,34.08323415,31.45836674,0.00391210,9.57717694,21.00000000,0.23022277,126.92593453,1.28257394,2.84161762,3.59065735,4.24892905,4.90782626,5.63950534,6.45519206,7.30274460,8.17164762,9.19214615,13.31479358,0.35713567,0.21217591,0.11675410,0.81723891,0.00000000,0.89026396,0.60896507,6.66754375,0.01211378,1.17291414,0.44900856,1.12117330,1.64198921,0.90657321,0.87935466,-0.51969358,1.94593999,0.00000000,
4942771_u                                         ,101.00000000,97.00000000,5.80655059,0.77781746,0.00112598,0.01023408,45.51539245,48.51905624,46.04355784,49.25867123,47.35844686,50.07459066,47.33075663,50.55818305,3.08335078,2.97343715,159.35502036,0.00098715,27.99999918,2.58569677,153.78436845,45.57698092,48.57022921,0.00102165,21.57634026,2.70766200,1.00000004,160.44837013,21.88374901,3.77839073,7.20097200,11.07183446,15.74354659,21.03336511,27.60779639,36.88705642,45.88351709,51.01015833,30.53732573,0.80426558,0.38474791,0.97707063,0.07182710,0.02478261,0.59017817,0.78912394,2.97615901,0.03980510,0.77352484,0.55560925,0.33464327,1.55931939,0.79922660,0.79871316,0.64876774,1.56603630,0.00000000,
4943059_u                                         ,71.00000000,191.00000000,5.80655059,0.77781746,0.00204129,0.01038004,86.50469895,32.51462408,91.74501934,33.50729861,94.80566829,34.04431326,95.05094056,32.66972177,6.99190564,2.08335208,5.31211662,0.00214077,56.99999761,2.12620082,71.09405981,90.08388101,33.21562974,0.00514383,53.70899061,1.40222821,0.23934478,5.20040577,45.30474091,10.79926473,18.60939529,25.39951994,34.24534905,42.60154216,53.46822407,70.60687485,84.86285720,98.30408833,59.72738726,0.65898539,0.36314626,0.62420356,0.21619672,0.06581153,0.44133338,0.60549859,8.92976104,0.04598212,0.64113939,0.53845325,0.18597395,1.30380210,1.27891236,0.80295501,-0.73327673,2.87495129,0.00000000,
4943559_u                                         ,91.00000000,83.00000000,5.80655059,0.77781746,0.00007108,0.01014434,39.50708471,46.50657702,39.53203919,47.25600245,38.54373821,47.25600245,40.32102790,48.02355457,4.60355730,3.28243190,162.26522105,0.00305504,4.99999998,49.93577432,246.93586926,38.04759298,44.98425212,0.00011769,95.41021573,18.95851809,0.05000950,113.65647921,1.37675714,3.03644761,4.06378951,5.04697536,6.15573507,7.39598629,8.87771336,10.96080266,12.11894785,13.13860840,15.09625777,0.47453371,0.24955327,0.01581643,0.75196947,0.00000000,0.93567325,0.54452245,4.96706398,0.00179439,0.93901062,0.55092808,1.15704425,1.54880162,0.88109369,0.80527157,0.19862764,1.66051890,32.00000000,
4943728_u                                         ,75.00000000,73.00000000,5.80655059,0.77781746,0.00120289,0.01034975,34.52510367,35.54655746,35.06152276,36.54496617,35.30218112,36.97335339,33.99761934,38.68189711,2.94529504,2.52172445,134.79548243,0.00428757,15.56915166,1.88613762,20.81719437,34.69715634,36.30240217,0.00011360,104.64865356,12.80943770,0.80501134,135.24243235,14.33261204,2.12218495,3.57404747,5.31154181,7.86399326,10.46967239,14.41900451,18.45992767,25.18281926,31.92749522,19.97085423,0.84794403,0.48423176,0.66253150,0.20011030,0.00822940,0.45242635,0.64224309,5.67520391,0.01566982,0.66499373,0.60936154,0.33909666,1.51819445,0.76194810,0.71926761,0.49664280,1.52656059,32.00000000,
4944699_u                                         ,77.00000000,79.00000000,5.80655059,0.77781746,0.00060257,0.01023900,37.51694969,36.52006818,37.81242129,36.69419662,39.51619789,38.69605588,37.40817565,36.90104718,4.44307196,2.27363686,39.62871649,0.00755368,18.00000000,0.50615788,67.24387842,38.00000223,37.00000158,0.00103514,47.59168721,2.83926042,0.20229640,43.51113315,6.09032726,4.05497927,7.54836854,10.74594917,19.44522213,21.89621014,26.15346668,30.38533753,34.34512227,37.13210592,26.72343049,0.65801197,0.22938063,0.34045544,0.74024603,0.01143463,0.91719298,0.87235350,1.28338244,0.00876937,0.77369768,0.53017693,0.55759795,1.65119831,0.88622640,0.87977539,0.35854810,2.09950858,0.00000000,
4945191_u                                         ,139.00000000,153.00000000,5.80655059,0.77781746,0.00176448,0.01099421,101.51750912,66.51488102,102.55962596,67.28579948,103.38561746,67.75402625,101.55623088,66.80797681,2.66570688,2.53297500,155.44482693,0.00897321,3.99999972,2.22930592,375.06817576,101.61569504,66.58083426,0.00945654,3.84095658,2.74606058,1.00000012,159.63747717,8.69428158,1.42361053,1.90516523,2.43713310,3.03594631,3.72904980,4.56894086,5.68676936,8.23290759,10.63753577,6.94916641,0.63562059,0.45524285,0.02646476,0.28638257,0.00186031,0.63596720,0.38660191,18.65364237,0.00177905,0.76795226,0.67589771,-0.24855455,1.51857007,0.45809568,0.67446181,-0.47104048,1.49912516,64.00000000,
4945390_u                                         ,95.00000000,117.00000000,5.80655059,0.77781746,0.00148964,0.01079096,56.50194862,44.50146447,52.97989267,43.41757142,51.22307630,43.10605619,54.17348819,44.62828420,9.26110564,3.50291928,27.54392315,0.02237559,15.93882485,0.51492307,810.43431035,52.61601345,43.39443096,0.03064908,16.21293595,0.28959317,0.33397536,28.63186938,27.26327515,6.53360812,9.62633900,12.25447383,15.12851630,17.19645376,21.06575899,26.40783725,36.98032924,45.90220384,29.94587094,0.58450962,0.42639464,0.27146742,0.39047087,0.05972119,0.32840850,0.43602986,12.30575247,0.04244478,0.46667902,0.59435940,-0.01110067,1.57912425,0.95939624,0.79964796,0.53950091,3.35379559,64.00000000,
4945462_u                                         ,81.00000000,75.00000000,5.80655059,0.77781746,0.00060099,0.01011528,35.51145169,38.51381770,35.45595406,39.05133950,37.84368863,40.35896444,34.76802206,41.66891860,1.67402697,1.33253628,32.40556118,0.01004063,6.00000000,1.89048129,46.51755584,34.99999905,38.99999919,0.00036914,50.62444609,3.98570113,0.60686837,46.93602734,3.22617865,2.11065813,3.21666360,4.21764013,5.25181760,6.36999733,7.42537085,8.60724645,12.12755279,16.03661891,18.18832469,0.57636753,0.40097356,0.53810006,0.54859373,0.00532117,0.95784759,0.70488864,2.97102241,0.00775084,0.72959885,0.53964066,0.42863384,1.58352930,0.87671979,0.86423409,0.24845409,1.06542974,32.00000000,
4946763_u                                         ,111.00000000,89.00000000,5.80655059,0.77781746,-0.00234098,0.01247458,42.51472963,53.50100247,43.41161863,53.59951575,45.03955433,54.93950364,41.75515867,48.82944894,3.61276202,3.43245759,73.37161606,0.02647277,7.20738218,1.33248134,8.14731257,43.22293639,53.17398048,0.02608524,8.20512780,0.43127322,0.82153069,74.02695936,13.01807976,3.71223452,4.97973898,6.01972402,7.06605522,8.30347830,9.69929306,11.32973986,13.65585592,16.50200133,17.23421067,0.43811235,0.29827656,0.36861706,0.57073789,0.00000000,0.94383737,0.65000654,5.23541861,-0.03363060,0.75235947,0.59480280,0.76712282,1.54501078,0.81882676,0.84943965,-0.22622575,0.66823295,0.00000000,
4947648_u                                         ,73.00000000,75.00000000,5.80655059,0.77781746,-0.00095229,0.01077551,63.52196814,22.54907030,64.17099096,23.46571404,64.79699169,23.98284350,64.99411298,25.58763464,2.60663089,2.46737833,123.37134119,0.00271465,3.00000000,49.99247451,403.83532579,63.60072787,22.55777067,0.08062158,1.51999840,21.00000000,0.99769766,143.61591878,2.93526173,1.53440750,2.04443667,2.53652290,3.02572049,3.52618606,4.05578966,4.64507477,5.36936955,6.44170141,6.62168478,0.41934963,0.26169537,0.09871835,0.57334034,0.04040523,0.69588511,0.34063235,16.96169835,0.01870622,0.68149662,0.67897560,0.34495967,1.56295328,0.67647793,0.72209954,0.03369631,0.79736126,72.00000000,
4948584_u                                         ,49.00000000,71.00000000,5.80655059,0.77781746,0.00121562,0.01068379,34.51417153,22.50148920,34.85810051,22.54501188,34.85810051,22.54501188,34.98506748,22.76968956,2.81507076,1.92432173,3.56575365,0.00251365,7.99999559,21.27704971,150.61329633,34.67064804,22.37638881,0.00003508,86.26159602,21.00000000,0.57135533,19.70725909,2.45537519,1.78698634,2.95834696,4.35903838,6.05152411,7.91970103,11.93608186,15.00505051,16.50981532,18.38018012,10.62180062,0.74669311,0.36564098,0.26352367,0.65418072,0.00000000,0.96779610,0.67369620,3.26377662,0.00032667,0.91669313,0.51078941,0.29767201,1.62387367,0.91922969,0.88175107,-0.08646952,0.70425417,32.00000000,
4948792_u                                         ,209.00000000,135.00000000,5.80655059,0.77781746,0.00001581,0.01054622,69.50380676,109.49954178,71.07860669,111.34830469,71.84376175,113.55038352,72.34304970,105.98898386,1.87250632,1.26093771,140.54494645,0.00915762,24.99999998,0.50450999,53.28185277,70.43919826,107.14540877,0.00255568,27.83250907,0.84944581,0.99999353,140.84527724,18.85918808,9.04010529,15.57271288,21.04320153,27.03338343,33.31633234,36.69199073,39.10231850,41.64943994,48.52676118,56.34057160,0.42724489,0.16332412,1.25551426,-0.25551426,0.05074868,0.89877435,0.89545623,4.31050505,0.10446483,0.86144283,0.55204892,0.83946844,1.68042108,0.84382914,0.84290435,0.58381168,3.53297961,0.00000000,
4948843_u                                         ,101.00000000,93.00000000,5.80655059,0.77781746,0.00171191,0.01079598,44.51511809,48.51098104,45.11353332,48.86113964,45.29783843,49.35414152,47.71478973,49.18542836,4.96978866,3.45947924,133.11073042,0.00673496,18.99999968,17.08366210,11.58773585,44.52399706,48.52210625,0.00708498,11.01362994,20.99987579,0.73108178,132.03550429,30.78486633,2.46327194,3.95880391,5.72260129,8.09078997,10.71036008,14.35821387,19.66641177,26.86123006,34.79892027,22.26179841,0.83156191,0.51176170,0.35682234,0.26184615,0.01006760,0.26472640,0.57575958,3.11445571,0.02560185,0.33827192,0.64876188,0.00843522,1.56192543,0.64872214,0.63787202,0.36267208,0.62574471,0.00000000,
4949668_u                                         ,63.00000000,61.00000000,5.80655059,0.77781746,0.00242185,0.01076724,28.49967647,29.51464330,28.45501418,29.66552835,28.94381616,30.57371004,26.95735239,30.34766021,2.94407867,2.61455381,45.77028548,0.00405131,15.99999959,1.70183742,46.90687454,28.32877680,29.49542697,0.00016591,87.69173435,12.23651491,0.79544417,45.62208266,15.63552570,2.27465084,3.94576990,6.00665744,9.32293827,12.77157354,17.06549952,22.48874333,27.87378727,31.81552330,26.82889189,0.84906423,0.39639466,0.81720972,0.02592491,0.01089174,0.50050751,0.65186176,0.58651825,0.03078788,0.82636735,0.58490573,0.15033207,1.56801884,0.78732766,0.76134614,0.11107599,2.24940271,32.00000000,
4949833_u                                         ,117.00000000,107.00000000,5.80655059,0.77781746,0.00082220,0.01070184,52.50646428,56.50725251,52.91120203,57.00727695,52.81895587,56.89699071,53.29868041,57.81761446,4.63920444,2.65398728,52.48053598,0.00819187,15.50508861,1.17929560,22.53845724,52.73538680,56.93506946,0.00904133,18.38272320,1.18791137,0.36154428,51.98606470,14.16241360,5.10678306,7.67118556,9.95405494,12.81414937,15.76603662,18.07545619,24.69864988,31.83763178,38.64612631,23.29232785,0.61807827,0.38938344,0.20012052,0.48220742,0.00288189,0.63418962,0.49916046,2.76186094,0.00419912,0.80533367,0.53317891,0.28238568,1.59780914,0.83301686,0.83848640,0.35091584,1.21564950,0.00000000,
4951117_u                                         ,157.00000000,129.00000000,5.80655059,0.77781746,0.00001317,0.01057557,62.50122527,76.50796894,62.46735215,77.32708127,62.66834183,77.81342919,62.98106201,77.71348409,4.46888562,3.30196727,112.07493242,0.00783274,17.92983074,1.15968138,17.24246339,61.98743214,76.86781293,0.00802264,20.31561650,1.37257409,0.52701002,115.41652733,23.22057915,4.62547404,7.73906312,10.72199006,13.40643545,16.99187461,20.49606034,24.48876903,32.23277524,43.38125857,28.03081744,0.61960931,0.40706085,0.30874875,0.43145008,0.01021298,0.84096146,0.51313568,2.92468252,0.01494428,0.62979026,0.55355488,0.36264875,1.64768161,0.76159082,0.81905579,1.07561985,2.19368142,0.00000000,
4951253_u                                         ,121.00000000,61.00000000,5.80655059,0.77781746,0.00052847,0.01066894,29.50535395,58.50862702,29.85309418,59.54877737,30.19949594,58.95570658,29.86088207,61.20651255,4.70275017,2.18366340,85.91492424,0.01205569,11.29578327,1.57449042,10.87657257,29.44838518,58.55388626,0.01907644,13.34447543,1.32039259,0.19403717,85.36288361,8.65119457,3.66086367,5.52816337,7.33397284,9.11851606,11.25356349,13.75960179,16.89132238,19.60515374,24.98468016,22.96685554,0.54978938,0.34638373,0.17154910,0.39422311,0.00000000,0.52665764,0.39162630,4.77531112,0.01214815,0.88202441,0.54956455,0.45163520,1.52953713,0.85604998,0.85946093,-0.35473361,0.97627025,0.00000000,
4951774_u                                         ,89.00000000,73.00000000,5.80655059,0.77781746,0.00047874,0.01075927,32.51488087,46.50544284,35.12836759,43.92328585,38.33033627,42.40959641,42.30857119,43.50781189,6.34091764,2.27297332,132.33451668,0.00324584,27.99998726,1.86049449,26.15748332,40.88172365,44.44420596,0.01147903,4.23890278,0.16364705,0.74740611,147.80341305,11.54582691,6.89588740,10.58470394,14.13273919,18.55268741,22.50984631,28.52063422,35.34171279,43.11323433,53.09587788,36.55178984,0.60993189,0.37268828,1.03251100,0.04803142,0.08638652,0.65772517,0.62360081,10.05133185,0.05886906,0.83333419,0.55521054,0.69081122,1.59239104,0.82174461,0.87335170,-0.37756670,2.67069483,64.00000000,
4951856_u                                         ,69.00000000,71.00000000,5.80655059,0.77781746,-0.00059483,0.01041000,26.51579910,38.52168354,30.26120517,38.11845965,31.19578584,35.76257877,31.62089198,38.28373950,5.14284076,2.26507124,155.70810924,0.00696680,3.00000000,49.98677498,531.01642218,26.15677289,37.28875501,0.00011541,22.25591285,20.99999986,0.99999671,105.78713132,0.83975816,1.48756351,3.76531854,5.91835823,6.86464372,7.52206259,8.08519894,8.62466447,9.18400425,9.82891039,12.13539730,0.38723035,0.11616843,0.50194108,0.72799970,0.00000000,0.84959188,0.72147695,31.04182444,0.04197185,0.80859888,0.57580315,0.34852980,1.54341234,0.89509278,0.89418768,-0.17541138,0.76714505,64.00000000,
497283_u                                          ,91.00000000,77.00000000,5.80655059,0.77781746,0.00104927,0.00944615,36.51989564,42.52784063,37.11653155,43.48702821,37.50965210,43.78225083,37.86903112,44.29875653,4.53041698,3.51927714,90.68771030,0.09534690,6.82457443,1.18184265,10.45843744,36.70177963,43.07992548,0.26346233,4.64002800,2.27188415,0.53683511,86.26300474,51.95592880,1.50870930,2.33565811,3.30366228,4.39067679,5.50363302,6.69308696,8.50923600,11.02145910,15.32540461,12.24443831,0.67382982,0.44476248,0.04997515,0.11612341,0.05935651,0.27413540,0.08552465,9.22548186,0.03201181,0.25980539,0.70750542,-0.54869960,1.58628135,0.35532038,0.63445072,0.40553084,0.23397651,0.00000000,
497633_u                                          ,91.00000000,103.00000000,5.80655059,0.77781746,-0.00005052,0.00941765,50.51735943,42.51151926,51.52522871,43.11681761,51.65949519,43.12102825,53.27535960,43.37309905,4.89151123,4.30954952,171.38250466,0.03135494,7.64170462,0.91413100,14.78786196,50.99089567,42.76538466,0.03279253,7.62513707,0.69532706,0.84548623,167.48811464,17.45565033,2.95484145,4.41144553,5.71598768,6.99415806,8.30098209,9.67835965,11.50420268,14.42145844,18.27894238,17.13678841,0.51442826,0.34282159,0.27463594,0.30752953,0.01808392,0.26499767,0.44161763,6.86047051,0.00819986,0.75509175,0.63944340,0.21962172,1.54827080,0.65158303,0.82383505,-0.56597756,0.94592404,0.00000000,
497750_u                                          ,199.00000000,185.00000000,5.80655059,0.77781746,-0.00012700,0.00933386,89.50279424,97.50056556,89.70311793,97.93735433,90.68966286,99.05585192,94.14666723,98.71909110,5.61113132,3.11398910,53.86190271,0.00093559,28.99999967,1.68662916,445.47864596,89.33743815,97.59302241,0.00376030,48.74748447,2.53635719,0.22908376,50.15362513,32.40212631,6.26898515,10.98631321,16.17984625,21.93864248,28.81550935,37.27656336,44.42806310,47.90429850,50.75067129,52.85898991,0.63952251,0.24581549,0.24375452,0.59576744,0.02329087,0.59699565,0.59556961,0.90908875,0.06474244,0.82572437,0.56092607,0.68681880,1.62478145,0.69416104,0.81654595,0.60021639,1.65067811,0.00000000,
