#FIELD,ID,X,Y,P_merg
STRIPE82-0107,SPLUS.STRIPE82-0107.10623.griz,3333.4309999999996,2604.499,0.9710229635238647
STRIPE82-0109,SPLUS.STRIPE82-0109.09067.griz,8815.966999999999,2240.016,0.999016523361206
STRIPE82-0109,SPLUS.STRIPE82-0109.07277.griz,6547.717,2040.932,0.9990639090538025
STRIPE82-0115,SPLUS.STRIPE82-0115.07505.griz,8020.206,2691.486,0.9995087385177612
STRIPE82-0105,SPLUS.STRIPE82-0105.32544.griz,7461.825,5337.798000000001,0.9993769526481628
STRIPE82-0109,SPLUS.STRIPE82-0109.39414.griz,10525.247,5937.071,0.9980512857437134
STRIPE82-0109,SPLUS.STRIPE82-0109.32427.griz,6824.093000000001,5202.448,0.9999831914901733
STRIPE82-0113,SPLUS.STRIPE82-0113.30383.griz,9357.823,5506.416,0.9884887337684631
STRIPE82-0117,SPLUS.STRIPE82-0117.28213.griz,4574.846,5555.893,0.9604517817497253
STRIPE82-0123,SPLUS.STRIPE82-0123.18851.griz,2570.084,5154.825,0.989094078540802
STRIPE82-0101,SPLUS.STRIPE82-0101.78535.griz,4326.905,8545.271999999999,0.9842627644538879
STRIPE82-0109,SPLUS.STRIPE82-0109.54390.griz,7533.233,7857.479,0.9766645431518555
STRIPE82-0109,SPLUS.STRIPE82-0109.50998.griz,6936.085999999999,7474.670999999999,0.9949883818626404
STRIPE82-0117,SPLUS.STRIPE82-0117.55040.griz,6483.3,8655.051,0.9988337159156799
STRIPE82-0119,SPLUS.STRIPE82-0119.55892.griz,4173.098,8327.122,0.9997420907020569
STRIPE82-0121,SPLUS.STRIPE82-0121.41209.griz,6604.356,8082.428000000001,0.9967663288116455
STRIPE82-0102,SPLUS.STRIPE82-0102.09649.griz,4168.392,1787.66,0.9947799444198608
STRIPE82-0104,SPLUS.STRIPE82-0104.09725.griz,9610.661,1947.114,0.9624278545379639
STRIPE82-0108,SPLUS.STRIPE82-0108.04643.griz,6579.874,1702.7720000000002,0.9856235980987549
STRIPE82-0110,SPLUS.STRIPE82-0110.04131.griz,8462.029,1686.5529999999999,0.9995366334915161
STRIPE82-0110,SPLUS.STRIPE82-0110.07173.griz,8454.529,2106.225,0.9753628373146057
STRIPE82-0109,SPLUS.STRIPE82-0109.60050.griz,8444.721,10262.612,0.9913007616996765
STRIPE82-0110,SPLUS.STRIPE82-0110.07111.griz,5897.964,2085.969,0.9973094463348389
STRIPE82-0114,SPLUS.STRIPE82-0114.03218.griz,8725.501,1657.182,0.994265615940094
STRIPE82-0114,SPLUS.STRIPE82-0114.05695.griz,3612.204,2050.604,0.991692304611206
STRIPE82-0114,SPLUS.STRIPE82-0114.05945.griz,3635.04,2033.586,0.9969251751899719
STRIPE82-0118,SPLUS.STRIPE82-0118.05687.griz,2090.894,2114.2870000000003,0.9999794960021973
STRIPE82-0120,SPLUS.STRIPE82-0120.00573.griz,10462.476999999999,1093.2930000000001,0.9826027154922485
STRIPE82-0120,SPLUS.STRIPE82-0120.00511.griz,8888.844000000001,1161.036,0.9622747302055359
STRIPE82-0120,SPLUS.STRIPE82-0120.04145.griz,3367.0429999999997,1904.7060000000001,0.9998098015785217
STRIPE82-0122,SPLUS.STRIPE82-0122.05586.griz,6223.398,2085.851,0.9996339082717896
STRIPE82-0106,SPLUS.STRIPE82-0106.23572.griz,2672.562,4647.474,0.9571125507354736
STRIPE82-0108,SPLUS.STRIPE82-0108.22288.griz,7937.880999999999,4193.391,0.9942675232887268
STRIPE82-0112,SPLUS.STRIPE82-0112.22006.griz,6828.995,4573.272,0.9998997449874878
STRIPE82-0114,SPLUS.STRIPE82-0114.19108.griz,9142.081,4459.856,0.9931380152702332
STRIPE82-0114,SPLUS.STRIPE82-0114.20607.griz,4833.805,4792.236,0.9699971675872803
STRIPE82-0116,SPLUS.STRIPE82-0116.22620.griz,8102.078,4959.6990000000005,0.9998949766159058
STRIPE82-0122,SPLUS.STRIPE82-0122.13765.griz,6960.576,3853.897,0.9902335405349731
STRIPE82-0122,SPLUS.STRIPE82-0122.15784.griz,5458.5740000000005,4328.958,0.9922372698783875
STRIPE82-0124,SPLUS.STRIPE82-0124.22098.griz,6129.5740000000005,4654.123,0.9988344311714172
STRIPE82-0124,SPLUS.STRIPE82-0124.20617.griz,5033.218,4409.482,0.9786979556083679
STRIPE82-0126,SPLUS.STRIPE82-0126.06694.griz,10007.283000000001,4138.149,0.9979828596115112
STRIPE82-0110,SPLUS.STRIPE82-0110.40740.griz,7476.734,6772.395,0.9850897789001465
STRIPE82-0110,SPLUS.STRIPE82-0110.46258.griz,2664.276,7653.326999999999,0.9879119992256165
STRIPE82-0116,SPLUS.STRIPE82-0116.44004.griz,2023.599,7774.09,0.9621501564979553
STRIPE82-0118,SPLUS.STRIPE82-0118.31917.griz,8408.746,6788.736999999999,0.9668868780136108
STRIPE82-0118,SPLUS.STRIPE82-0118.45280.griz,7438.16,7548.102,0.9701340198516846
STRIPE82-0118,SPLUS.STRIPE82-0118.32304.griz,7293.821,6921.969,0.9754339456558228
STRIPE82-0120,SPLUS.STRIPE82-0120.44059.griz,7683.019,7381.901999999999,0.9991564750671387
STRIPE82-0124,SPLUS.STRIPE82-0124.33433.griz,9100.721,6641.26,0.9980390667915344
STRIPE82-0124,SPLUS.STRIPE82-0124.37140.griz,5027.794,7230.840999999999,0.962904691696167
STRIPE82-0109,SPLUS.STRIPE82-0109.25982.griz,4152.733,4417.361,0.9999135732650757
STRIPE82-0109,SPLUS.STRIPE82-0109.24853.griz,3573.917,4237.661,0.9714255332946777
STRIPE82-0109,SPLUS.STRIPE82-0109.23904.griz,2834.844,4136.3820000000005,0.995110809803009
STRIPE82-0111,SPLUS.STRIPE82-0111.19413.griz,9738.287,3757.525,0.9969303011894226
STRIPE82-0111,SPLUS.STRIPE82-0111.20427.griz,2865.94,3858.167,0.9966986775398254
STRIPE82-0099,SPLUS.STRIPE82-0099.59149.griz,1936.365,6793.669,0.9908158779144287
STRIPE82-0113,SPLUS.STRIPE82-0113.40104.griz,3159.533,7184.769,0.967514157295227
STRIPE82-0115,SPLUS.STRIPE82-0115.44467.griz,6332.0109999999995,7285.1359999999995,0.9873937368392944
STRIPE82-0105,SPLUS.STRIPE82-0105.68357.griz,2891.6620000000003,9171.688,1.0
STRIPE82-0105,SPLUS.STRIPE82-0105.64000.griz,2028.7179999999998,9820.399,0.9926992058753967
STRIPE82-0111,SPLUS.STRIPE82-0111.53975.griz,10101.511999999999,8748.476999999999,0.9954513907432556
STRIPE82-0104,SPLUS.STRIPE82-0104.14663.griz,4617.305,2571.1710000000003,0.9857481122016907
STRIPE82-0108,SPLUS.STRIPE82-0108.14878.griz,4286.925,3235.9179999999997,0.9774504899978638
STRIPE82-0110,SPLUS.STRIPE82-0110.11147.griz,6240.858,2586.266,0.9896925091743469
STRIPE82-0112,SPLUS.STRIPE82-0112.11257.griz,7744.855,2763.551,0.9966554641723633
STRIPE82-0112,SPLUS.STRIPE82-0112.15579.griz,4045.303,3490.08,0.9835863709449768
STRIPE82-0112,SPLUS.STRIPE82-0112.10566.griz,2581.781,2647.178,0.9520534873008728
STRIPE82-0114,SPLUS.STRIPE82-0114.08438.griz,7014.696,2561.389,0.9998289346694946
STRIPE82-0104,SPLUS.STRIPE82-0104.39955.griz,7112.266,5627.911,0.9985858201980591
STRIPE82-0108,SPLUS.STRIPE82-0108.29459.griz,4054.153,5419.314,0.9992340803146362
STRIPE82-0112,SPLUS.STRIPE82-0112.26090.griz,1256.85,5229.849,0.9922771453857422
STRIPE82-0102,SPLUS.STRIPE82-0102.80472.griz,9796.212,9055.425,0.997076153755188
STRIPE82-0102,SPLUS.STRIPE82-0102.86352.griz,8810.05,8587.527,0.9994335770606995
STRIPE82-0104,SPLUS.STRIPE82-0104.75146.griz,5662.988,8203.666,0.9929130673408508
STRIPE82-0106,SPLUS.STRIPE82-0106.56560.griz,9683.02,8391.354,0.9773220419883728
STRIPE82-0114,SPLUS.STRIPE82-0114.37213.griz,9527.502,8968.608,0.9994712471961975
STRIPE82-0114,SPLUS.STRIPE82-0114.40297.griz,6094.21,8352.833,0.9543970823287964
STRIPE82-0117,SPLUS.STRIPE82-0117.21912.griz,5030.778,4458.603,0.993198037147522
STRIPE82-0119,SPLUS.STRIPE82-0119.17741.griz,5480.307,3783.687,0.9964248538017273
STRIPE82-0121,SPLUS.STRIPE82-0121.15004.griz,4935.22,3906.728,0.9963470101356506
STRIPE82-0133,SPLUS.STRIPE82-0133.15513.griz,8375.507,4572.139,0.9703614711761475
STRIPE82-0149,SPLUS.STRIPE82-0149.11250.griz,3619.3259999999996,3860.21,0.981650173664093
STRIPE82-0159,SPLUS.STRIPE82-0159.05043.griz,8738.984,3795.362,0.9918205738067627
STRIPE82-0163,SPLUS.STRIPE82-0163.10221.griz,5542.109,3977.772,0.9996707439422607
STRIPE82-0163,SPLUS.STRIPE82-0163.10479.griz,4366.6759999999995,4043.1290000000004,0.998854398727417
STRIPE82-0015,SPLUS.STRIPE82-0015.09867.griz,9919.442,4089.389,0.951890230178833
STRIPE82-0015,SPLUS.STRIPE82-0015.08699.griz,6312.085,3764.7270000000003,0.9998719692230225
STRIPE82-0017,SPLUS.STRIPE82-0017.08299.griz,6100.964,3383.58,0.991634726524353
STRIPE82-0017,SPLUS.STRIPE82-0017.11758.griz,4772.484,4500.516,0.9996702671051025
STRIPE82-0017,SPLUS.STRIPE82-0017.11120.griz,4470.3679999999995,4290.034000000001,0.9887670874595642
STRIPE82-0021,SPLUS.STRIPE82-0021.11369.griz,4129.326,4009.6209999999996,0.9930956959724426
STRIPE82-0119,SPLUS.STRIPE82-0119.37403.griz,7076.321999999999,6102.026,0.9990766048431396
STRIPE82-0121,SPLUS.STRIPE82-0121.34083.griz,6759.659000000001,7136.803000000001,0.9935048818588257
STRIPE82-0123,SPLUS.STRIPE82-0123.25888.griz,10460.016,6662.541,0.9978965520858765
STRIPE82-0143,SPLUS.STRIPE82-0143.25080.griz,4343.205,6596.616999999999,0.9748534560203552
STRIPE82-0143,SPLUS.STRIPE82-0143.24632.griz,1504.295,6478.304,0.990454375743866
STRIPE82-0149,SPLUS.STRIPE82-0149.30052.griz,7409.4619999999995,6493.726,0.9911978840827942
STRIPE82-0149,SPLUS.STRIPE82-0149.28118.griz,7398.975,7028.661999999999,0.9996416568756104
STRIPE82-0149,SPLUS.STRIPE82-0149.21240.griz,3435.452,6357.3640000000005,0.9642208814620972
STRIPE82-0165,SPLUS.STRIPE82-0165.28982.griz,3882.59,6769.376,0.9967526197433472
STRIPE82-0169,SPLUS.STRIPE82-0169.11825.griz,2400.862,6543.541,0.9907538890838623
STRIPE82-0003,SPLUS.STRIPE82-0003.23498.griz,6379.797,6654.121,0.9695050120353699
STRIPE82-0007,SPLUS.STRIPE82-0007.27954.griz,9531.662,6564.495,0.9900838136672974
STRIPE82-0007,SPLUS.STRIPE82-0007.25741.griz,8139.8640000000005,7124.871999999999,0.9632622599601746
STRIPE82-0007,SPLUS.STRIPE82-0007.26801.griz,6143.15,6795.186,0.9854814410209656
STRIPE82-0007,SPLUS.STRIPE82-0007.28072.griz,3110.87,6350.844,0.9991316199302673
STRIPE82-0007,SPLUS.STRIPE82-0007.28280.griz,3105.6279999999997,6354.355,0.9852478504180908
STRIPE82-0009,SPLUS.STRIPE82-0009.30261.griz,7322.715,6427.845,0.9622672200202942
STRIPE82-0009,SPLUS.STRIPE82-0009.34136.griz,3945.014,6745.6990000000005,0.9994452595710754
STRIPE82-0009,SPLUS.STRIPE82-0009.32314.griz,3941.393,6788.929,0.9938409328460693
STRIPE82-0013,SPLUS.STRIPE82-0013.29847.griz,8526.142,6154.504,0.9921431541442871
STRIPE82-0019,SPLUS.STRIPE82-0019.24706.griz,3718.8320000000003,6970.5380000000005,0.990581750869751
STRIPE82-0119,SPLUS.STRIPE82-0119.48800.griz,3163.052,9412.219000000001,0.9888687133789062
STRIPE82-0125,SPLUS.STRIPE82-0125.34088.griz,5220.609,9189.041,0.983134388923645
STRIPE82-0127,SPLUS.STRIPE82-0127.34205.griz,1894.68,9031.806,0.9968112111091614
STRIPE82-0127,SPLUS.STRIPE82-0127.35071.griz,1786.809,8728.725,0.9506451487541199
STRIPE82-0131,SPLUS.STRIPE82-0131.31948.griz,6129.744000000001,9673.344000000001,0.9811763167381287
STRIPE82-0133,SPLUS.STRIPE82-0133.35573.griz,5879.443,9168.364,0.9740210175514221
STRIPE82-0137,SPLUS.STRIPE82-0137.31782.griz,2544.929,9652.610999999999,0.970574140548706
STRIPE82-0143,SPLUS.STRIPE82-0143.26368.griz,5727.397,9674.873,0.9630845785140991
STRIPE82-0157,SPLUS.STRIPE82-0157.34413.griz,2525.198,9728.68,0.9986868500709534
STRIPE82-0163,SPLUS.STRIPE82-0163.19329.griz,1869.774,8865.101,0.9522112607955933
STRIPE82-0166,SPLUS.STRIPE82-0166.00359.griz,8581.256,905.681,0.9972853660583496
STRIPE82-0165,SPLUS.STRIPE82-0165.20995.griz,7105.432,8849.431999999999,0.997793436050415
STRIPE82-0169,SPLUS.STRIPE82-0169.14035.griz,1894.511,9124.162,0.9918575882911682
STRIPE82-0001,SPLUS.STRIPE82-0001.15853.griz,9483.957,9366.142,0.9813976287841797
STRIPE82-0003,SPLUS.STRIPE82-0003.16989.griz,4032.4840000000004,9715.026,0.9971852898597717
STRIPE82-0005,SPLUS.STRIPE82-0005.12433.griz,10205.336,10050.619,0.97625732421875
STRIPE82-0005,SPLUS.STRIPE82-0005.16593.griz,6449.1630000000005,9246.083,0.9882752895355225
STRIPE82-0007,SPLUS.STRIPE82-0007.30696.griz,10490.675,9842.021,0.9999861717224121
STRIPE82-0009,SPLUS.STRIPE82-0009.38538.griz,9063.148000000001,8787.216,0.9815214276313782
STRIPE82-0011,SPLUS.STRIPE82-0011.19690.griz,4169.955,8978.621,0.9588557481765747
STRIPE82-0019,SPLUS.STRIPE82-0019.14324.griz,9985.937,9906.35,0.9872570037841797
STRIPE82-0019,SPLUS.STRIPE82-0019.18233.griz,2576.585,9086.165,0.9923843741416931
STRIPE82-0116,SPLUS.STRIPE82-0116.13629.griz,4007.257,3481.255,0.9994148015975952
STRIPE82-0118,SPLUS.STRIPE82-0118.10348.griz,3141.105,2966.395,0.9967477321624756
STRIPE82-0120,SPLUS.STRIPE82-0120.11432.griz,9153.7,3289.458,0.9903944134712219
STRIPE82-0126,SPLUS.STRIPE82-0126.04602.griz,10002.301,3237.7470000000003,0.9991389513015747
STRIPE82-0132,SPLUS.STRIPE82-0132.10682.griz,9253.747,3195.547,0.9986103773117065
STRIPE82-0134,SPLUS.STRIPE82-0134.07200.griz,2322.354,3335.719,0.9999856948852539
STRIPE82-0140,SPLUS.STRIPE82-0140.10030.griz,2597.845,2736.84,0.9619446992874146
STRIPE82-0148,SPLUS.STRIPE82-0148.08647.griz,5033.1990000000005,3451.353,0.9906875491142273
STRIPE82-0148,SPLUS.STRIPE82-0148.06976.griz,5002.163,2948.671,0.9798291325569153
STRIPE82-0148,SPLUS.STRIPE82-0148.08521.griz,4990.523,3341.8309999999997,0.9887185096740723
STRIPE82-0150,SPLUS.STRIPE82-0150.06148.griz,6857.3330000000005,3282.526,0.9800356030464172
STRIPE82-0150,SPLUS.STRIPE82-0150.06060.griz,4868.264,3254.2309999999998,0.9826111197471619
STRIPE82-0150,SPLUS.STRIPE82-0150.04462.griz,4272.819,2671.3590000000004,0.980370044708252
STRIPE82-0150,SPLUS.STRIPE82-0150.04521.griz,4273.812,2694.115,0.9999655485153198
STRIPE82-0154,SPLUS.STRIPE82-0154.09653.griz,3958.393,3298.5040000000004,0.9996669292449951
STRIPE82-0158,SPLUS.STRIPE82-0158.07342.griz,6840.424,3341.1740000000004,0.9833985567092896
STRIPE82-0162,SPLUS.STRIPE82-0162.06940.griz,5774.562,3631.656,0.9955211877822876
STRIPE82-0164,SPLUS.STRIPE82-0164.12678.griz,3927.744,3512.4320000000002,0.9826140999794006
STRIPE82-0168,SPLUS.STRIPE82-0168.03323.griz,9964.295,2611.362,0.9812569618225098
STRIPE82-0170,SPLUS.STRIPE82-0170.06654.griz,1944.648,2566.63,0.9965002536773682
STRIPE82-0002,SPLUS.STRIPE82-0002.06705.griz,6769.378000000001,2451.132,0.9997950196266174
STRIPE82-0008,SPLUS.STRIPE82-0008.08854.griz,4002.921,3113.3340000000003,0.9663369655609131
STRIPE82-0008,SPLUS.STRIPE82-0008.08747.griz,2627.9790000000003,3233.0820000000003,0.9986029267311096
STRIPE82-0012,SPLUS.STRIPE82-0012.07885.griz,3774.083,2985.821,0.9821042418479919
STRIPE82-0014,SPLUS.STRIPE82-0014.07004.griz,9822.224,2962.095,0.9974002838134766
STRIPE82-0014,SPLUS.STRIPE82-0014.08047.griz,9815.714,3284.237,0.9999384880065918
STRIPE82-0014,SPLUS.STRIPE82-0014.06772.griz,8732.546,2862.215,0.9990870952606201
STRIPE82-0020,SPLUS.STRIPE82-0020.05603.griz,5035.63,2350.112,0.9995262622833252
STRIPE82-0020,SPLUS.STRIPE82-0020.08922.griz,3279.0440000000003,3237.9509999999996,0.966069757938385
STRIPE82-0116,SPLUS.STRIPE82-0116.29710.griz,3188.085,6218.741,0.9693633913993835
STRIPE82-0116,SPLUS.STRIPE82-0116.28443.griz,1873.836,6035.934,0.9963996410369873
STRIPE82-0120,SPLUS.STRIPE82-0120.24091.griz,2045.721,5616.201999999999,0.9688261151313782
STRIPE82-0122,SPLUS.STRIPE82-0122.20078.griz,7382.1230000000005,5134.36,0.9885371923446655
STRIPE82-0124,SPLUS.STRIPE82-0124.25352.griz,9439.049,5242.849,0.9906766414642334
STRIPE82-0134,SPLUS.STRIPE82-0134.14829.griz,2873.091,5471.321,0.9956477284431458
STRIPE82-0136,SPLUS.STRIPE82-0136.17104.griz,5536.991,6064.501,0.9994713664054871
STRIPE82-0138,SPLUS.STRIPE82-0138.14493.griz,10324.607,5062.53,0.9846752285957336
STRIPE82-0138,SPLUS.STRIPE82-0138.15457.griz,1815.01,5346.503000000001,0.9984753727912903
STRIPE82-0142,SPLUS.STRIPE82-0142.14316.griz,7622.589,5302.3,0.9740719199180603
STRIPE82-0148,SPLUS.STRIPE82-0148.30560.griz,4253.628,6298.743,0.9778957962989807
STRIPE82-0150,SPLUS.STRIPE82-0150.22355.griz,4380.405,6388.27,0.979682981967926
STRIPE82-0152,SPLUS.STRIPE82-0152.19724.griz,3813.824,5447.109,0.9788424968719482
STRIPE82-0156,SPLUS.STRIPE82-0156.17241.griz,5547.954000000001,5531.783,0.9950240254402161
STRIPE82-0170,SPLUS.STRIPE82-0170.17630.griz,1312.69,5414.431,0.9969313144683838
STRIPE82-0002,SPLUS.STRIPE82-0002.16968.griz,5599.811,5337.644,0.9970801472663879
STRIPE82-0006,SPLUS.STRIPE82-0006.11887.griz,1497.307,5960.847,0.9938592314720154
STRIPE82-0008,SPLUS.STRIPE82-0008.15010.griz,5361.698,5083.803,0.9957634210586548
STRIPE82-0010,SPLUS.STRIPE82-0010.21774.griz,5181.994000000001,5930.172,0.9999309778213501
STRIPE82-0016,SPLUS.STRIPE82-0016.29594.griz,1548.6729999999998,6003.812,0.9978106617927551
STRIPE82-0120,SPLUS.STRIPE82-0120.39437.griz,4405.585,8395.815999999999,0.9998428821563721
STRIPE82-0120,SPLUS.STRIPE82-0120.42288.griz,3794.934,7913.590999999999,0.9999573230743408
STRIPE82-0120,SPLUS.STRIPE82-0120.41276.griz,3812.527,7928.555,0.999937891960144
STRIPE82-0122,SPLUS.STRIPE82-0122.35279.griz,8585.114,8923.306999999999,0.9582691788673401
STRIPE82-0126,SPLUS.STRIPE82-0126.14651.griz,1550.3529999999998,8663.848,0.951065182685852
STRIPE82-0140,SPLUS.STRIPE82-0140.36227.griz,3843.2059999999997,8642.083,0.9923253059387207
STRIPE82-0142,SPLUS.STRIPE82-0142.19938.griz,4838.48,8809.127,0.9919360876083374
STRIPE82-0144,SPLUS.STRIPE82-0144.21279.griz,6969.354,8709.94,0.9999972581863403
STRIPE82-0146,SPLUS.STRIPE82-0146.20623.griz,3516.402,8578.603000000001,0.9993354678153992
STRIPE82-0148,SPLUS.STRIPE82-0148.22709.griz,4838.104,8227.815999999999,0.9980601668357849
STRIPE82-0150,SPLUS.STRIPE82-0150.16422.griz,9429.834,8866.878,0.9524849057197571
STRIPE82-0150,SPLUS.STRIPE82-0150.16895.griz,4717.86,8696.002,0.9780803918838501
STRIPE82-0150,SPLUS.STRIPE82-0150.16245.griz,2411.66,8921.845,0.9938856959342957
STRIPE82-0152,SPLUS.STRIPE82-0152.36499.griz,8512.47,8499.271,0.9503561854362488
STRIPE82-0154,SPLUS.STRIPE82-0154.35821.griz,1014.1189999999999,8704.838,0.9905290007591248
STRIPE82-0158,SPLUS.STRIPE82-0158.22941.griz,2076.735,8032.875,0.9994489550590515
STRIPE82-0158,SPLUS.STRIPE82-0158.23201.griz,2046.275,7894.33,0.9532769918441772
STRIPE82-0164,SPLUS.STRIPE82-0164.34174.griz,9730.869,9156.872,0.999534010887146
STRIPE82-0008,SPLUS.STRIPE82-0008.21620.griz,7924.825,8324.164,0.987930417060852
STRIPE82-0012,SPLUS.STRIPE82-0012.21024.griz,8628.093,8975.494,0.9921038150787354
STRIPE82-0012,SPLUS.STRIPE82-0012.22564.griz,4262.766,8102.342,0.9990872144699097
STRIPE82-0014,SPLUS.STRIPE82-0014.21800.griz,8531.649,8403.768,0.9860168099403381
STRIPE82-0014,SPLUS.STRIPE82-0014.22249.griz,7500.339,8322.087,0.9882537126541138
STRIPE82-0014,SPLUS.STRIPE82-0014.23926.griz,3490.265,7897.217,0.99797123670578
STRIPE82-0020,SPLUS.STRIPE82-0020.22414.griz,1168.027,8249.753,0.997094988822937
STRIPE82-0116,SPLUS.STRIPE82-0116.43845.griz,4779.125,7972.274,0.996907651424408
STRIPE82-0023,SPLUS.STRIPE82-0023.11209.griz,2254.428,4311.958,0.9926055669784546
STRIPE82-0027,SPLUS.STRIPE82-0027.09330.griz,10089.614,3933.615,0.9993610978126526
STRIPE82-0031,SPLUS.STRIPE82-0031.08549.griz,9870.449,3545.913,0.9989297986030579
STRIPE82-0035,SPLUS.STRIPE82-0035.06190.griz,7555.727,3493.384,0.9514984488487244
STRIPE82-0037,SPLUS.STRIPE82-0037.09417.griz,9799.722,4098.95,0.9994810223579407
STRIPE82-0041,SPLUS.STRIPE82-0041.11800.griz,6866.738,3783.337,0.9999849796295166
STRIPE82-0041,SPLUS.STRIPE82-0041.13217.griz,6299.303000000001,4217.915,0.992352306842804
STRIPE82-0045,SPLUS.STRIPE82-0045.11624.griz,9509.564,4204.139,0.992760181427002
STRIPE82-0047,SPLUS.STRIPE82-0047.05450.griz,5968.522,3325.5040000000004,0.9999784231185913
STRIPE82-0047,SPLUS.STRIPE82-0047.08484.griz,5630.883000000001,4515.667,0.9994545578956604
STRIPE82-0047,SPLUS.STRIPE82-0047.08551.griz,5636.59,4534.61,0.9934245347976685
STRIPE82-0047,SPLUS.STRIPE82-0047.05474.griz,2386.658,3346.591,0.9939106702804565
STRIPE82-0051,SPLUS.STRIPE82-0051.11425.griz,1673.856,3409.2940000000003,0.9770781993865967
STRIPE82-0053,SPLUS.STRIPE82-0053.10311.griz,10155.933,3780.6020000000003,0.9927418231964111
STRIPE82-0053,SPLUS.STRIPE82-0053.12676.griz,5352.840999999999,4380.964,0.9650322198867798
STRIPE82-0053,SPLUS.STRIPE82-0053.13279.griz,3369.2140000000004,4541.427,0.9999966621398926
STRIPE82-0055,SPLUS.STRIPE82-0055.08483.griz,9395.042,3577.7990000000004,0.9681079387664795
STRIPE82-0059,SPLUS.STRIPE82-0059.11495.griz,8236.931999999999,3758.927,0.9988847374916077
STRIPE82-0065,SPLUS.STRIPE82-0065.09058.griz,1285.671,4224.62,0.9602012634277344
STRIPE82-0067,SPLUS.STRIPE82-0067.09798.griz,9901.183,3692.3259999999996,0.9569814205169678
STRIPE82-0083,SPLUS.STRIPE82-0083.09139.griz,4342.69,4546.359,0.9782261252403259
STRIPE82-0083,SPLUS.STRIPE82-0083.08175.griz,3459.99,4331.545999999999,0.9998270869255066
STRIPE82-0023,SPLUS.STRIPE82-0023.25362.griz,2984.171,7197.433000000001,0.9905459880828857
STRIPE82-0029,SPLUS.STRIPE82-0029.30072.griz,2672.07,6917.0869999999995,0.9999264478683472
STRIPE82-0033,SPLUS.STRIPE82-0033.28910.griz,7249.054,6727.52,0.9904127717018127
STRIPE82-0033,SPLUS.STRIPE82-0033.18167.griz,1781.7920000000001,6128.4580000000005,0.9961122870445251
STRIPE82-0035,SPLUS.STRIPE82-0035.24727.griz,8033.436,6084.206,0.9996144771575928
STRIPE82-0035,SPLUS.STRIPE82-0035.20761.griz,5921.814,7330.004,0.9527684450149536
STRIPE82-0037,SPLUS.STRIPE82-0037.19953.griz,9328.654,7040.64,0.9944596290588379
STRIPE82-0039,SPLUS.STRIPE82-0039.28561.griz,7320.839,6933.9130000000005,0.9629890322685242
STRIPE82-0039,SPLUS.STRIPE82-0039.29414.griz,6621.818,7023.005999999999,0.9820238947868347
STRIPE82-0039,SPLUS.STRIPE82-0039.29040.griz,6646.045,7022.219,0.9978006482124329
STRIPE82-0041,SPLUS.STRIPE82-0041.30046.griz,8491.693000000001,6090.914000000001,0.9569693803787231
STRIPE82-0043,SPLUS.STRIPE82-0043.28909.griz,8553.521,6980.129,0.9843823313713074
STRIPE82-0043,SPLUS.STRIPE82-0043.23252.griz,6695.225,6062.314,0.9793868660926819
STRIPE82-0045,SPLUS.STRIPE82-0045.27290.griz,3634.863,6533.141,0.999489426612854
STRIPE82-0047,SPLUS.STRIPE82-0047.19902.griz,4219.661,6698.8330000000005,0.9643425941467285
STRIPE82-0055,SPLUS.STRIPE82-0055.24059.griz,4996.425,6951.403,0.9832907915115356
STRIPE82-0059,SPLUS.STRIPE82-0059.22661.griz,6362.384,6040.0830000000005,0.9951180219650269
STRIPE82-0059,SPLUS.STRIPE82-0059.25256.griz,5695.194,6735.0419999999995,0.997442364692688
STRIPE82-0059,SPLUS.STRIPE82-0059.23790.griz,1571.354,6471.826,0.9980999827384949
STRIPE82-0069,SPLUS.STRIPE82-0069.29473.griz,8129.361999999999,6807.455,0.9986585378646851
STRIPE82-0071,SPLUS.STRIPE82-0071.25812.griz,9859.418,6829.8009999999995,0.9811867475509644
STRIPE82-0073,SPLUS.STRIPE82-0073.28807.griz,7568.099,6074.571,0.9904676079750061
STRIPE82-0077,SPLUS.STRIPE82-0077.30214.griz,2454.567,6488.009,0.9996240139007568
STRIPE82-0023,SPLUS.STRIPE82-0023.19924.griz,3831.07,8728.466999999999,0.9518495202064514
STRIPE82-0027,SPLUS.STRIPE82-0027.16843.griz,6787.811,9804.48,0.9660691022872925
STRIPE82-0027,SPLUS.STRIPE82-0027.19010.griz,2254.47,9159.99,0.9906274080276489
STRIPE82-0031,SPLUS.STRIPE82-0031.19381.griz,3302.605,9006.216999999999,0.9703288078308105
STRIPE82-0037,SPLUS.STRIPE82-0037.15970.griz,9672.484,9741.584,0.9766564965248108
STRIPE82-0047,SPLUS.STRIPE82-0047.14567.griz,7151.331,8818.434000000001,0.969882071018219
STRIPE82-0047,SPLUS.STRIPE82-0047.13092.griz,6512.847,9360.87,0.9999608993530273
STRIPE82-0049,SPLUS.STRIPE82-0049.35112.griz,8532.632,8847.639000000001,0.9904318451881409
STRIPE82-0051,SPLUS.STRIPE82-0051.35301.griz,3355.408,9151.73,0.998224675655365
STRIPE82-0053,SPLUS.STRIPE82-0053.18999.griz,3824.744,9249.174,0.950350821018219
STRIPE82-0055,SPLUS.STRIPE82-0055.18003.griz,1124.0739999999998,8850.956,0.9675762057304382
STRIPE82-0067,SPLUS.STRIPE82-0067.18652.griz,6972.035,9174.375,0.9679440855979919
STRIPE82-0067,SPLUS.STRIPE82-0067.18230.griz,6805.876,9166.225,0.9912575483322144
STRIPE82-0069,SPLUS.STRIPE82-0069.23706.griz,6086.241999999999,8874.939,0.9990768432617188
STRIPE82-0073,SPLUS.STRIPE82-0073.16903.griz,6107.757,9307.161,0.999081015586853
STRIPE82-0073,SPLUS.STRIPE82-0073.17583.griz,6083.409000000001,9300.121,0.9992632269859314
STRIPE82-0075,SPLUS.STRIPE82-0075.16560.griz,9536.423,9604.556999999999,0.9853126406669617
STRIPE82-0028,SPLUS.STRIPE82-0028.03200.griz,7241.687,2310.356,0.9862819314002991
STRIPE82-0028,SPLUS.STRIPE82-0028.04434.griz,2501.638,2815.855,0.9748133420944214
STRIPE82-0030,SPLUS.STRIPE82-0030.07622.griz,9719.671,2956.055,0.9815818071365356
STRIPE82-0030,SPLUS.STRIPE82-0030.08342.griz,9387.118,3057.548,0.9970717430114746
STRIPE82-0038,SPLUS.STRIPE82-0038.04816.griz,10352.487,2861.2929999999997,0.979160726070404
STRIPE82-0038,SPLUS.STRIPE82-0038.04988.griz,8043.895,2929.687,0.9711760878562927
STRIPE82-0042,SPLUS.STRIPE82-0042.07453.griz,9945.377,2990.5170000000003,0.9769382476806641
STRIPE82-0044,SPLUS.STRIPE82-0044.09731.griz,8219.186,3653.545,0.9961767196655273
STRIPE82-0044,SPLUS.STRIPE82-0044.08343.griz,3263.554,3294.3309999999997,0.9966268539428711
STRIPE82-0046,SPLUS.STRIPE82-0046.02974.griz,7434.116,2426.936,0.9526579976081848
STRIPE82-0046,SPLUS.STRIPE82-0046.02967.griz,5832.177,2411.927,0.978925883769989
STRIPE82-0060,SPLUS.STRIPE82-0060.04587.griz,5723.521,3154.489,0.9660562872886658
STRIPE82-0066,SPLUS.STRIPE82-0066.07117.griz,9579.953000000001,2743.047,0.9994674324989319
STRIPE82-0066,SPLUS.STRIPE82-0066.10952.griz,3887.1240000000003,3655.309,0.9554611444473267
STRIPE82-0068,SPLUS.STRIPE82-0068.10052.griz,8681.358,3166.1240000000003,0.9969039559364319
STRIPE82-0074,SPLUS.STRIPE82-0074.09029.griz,2952.6420000000003,2503.96,0.9893901944160461
STRIPE82-0032,SPLUS.STRIPE82-0032.14567.griz,3069.8579999999997,5486.686,0.9794018268585205
STRIPE82-0034,SPLUS.STRIPE82-0034.16122.griz,8641.905,5509.876,0.9915280342102051
STRIPE82-0034,SPLUS.STRIPE82-0034.12933.griz,4258.958,5076.14,0.9860160946846008
STRIPE82-0038,SPLUS.STRIPE82-0038.26063.griz,3282.437,6390.559,0.9930171966552734
STRIPE82-0056,SPLUS.STRIPE82-0056.17856.griz,8873.747,5083.1140000000005,0.9634467959403992
STRIPE82-0058,SPLUS.STRIPE82-0058.14225.griz,7193.759,5126.962,0.9750524163246155
STRIPE82-0060,SPLUS.STRIPE82-0060.20677.griz,4268.286,6307.639,0.9763178825378418
STRIPE82-0066,SPLUS.STRIPE82-0066.22965.griz,1372.0220000000002,6410.456,0.9982694387435913
STRIPE82-0076,SPLUS.STRIPE82-0076.19067.griz,2809.414,5757.291,0.9999550580978394
STRIPE82-0024,SPLUS.STRIPE82-0024.20125.griz,2349.055,8795.982,0.994127631187439
STRIPE82-0026,SPLUS.STRIPE82-0026.37697.griz,8279.716,8376.462,0.9990967512130737
STRIPE82-0026,SPLUS.STRIPE82-0026.37428.griz,4688.472,8431.431999999999,0.994702160358429
STRIPE82-0030,SPLUS.STRIPE82-0030.34793.griz,1986.0539999999999,9101.366,0.9502923488616943
STRIPE82-0032,SPLUS.STRIPE82-0032.19382.griz,8812.231,8831.677,0.9795389771461487
STRIPE82-0034,SPLUS.STRIPE82-0034.21160.griz,5938.349,8424.089,0.9851369857788086
STRIPE82-0034,SPLUS.STRIPE82-0034.20108.griz,2171.949,8758.655,0.9913090467453003
STRIPE82-0036,SPLUS.STRIPE82-0036.10803.griz,9443.396999999999,8421.572,0.9998569488525391
STRIPE82-0036,SPLUS.STRIPE82-0036.11880.griz,4294.649,7814.911,0.9944055080413818
STRIPE82-0038,SPLUS.STRIPE82-0038.21721.griz,9596.551,7821.729,0.9999114274978638
STRIPE82-0042,SPLUS.STRIPE82-0042.22978.griz,3869.842,8197.489,0.953185498714447
STRIPE82-0044,SPLUS.STRIPE82-0044.23149.griz,1622.809,8108.4,0.9755967259407043
STRIPE82-0054,SPLUS.STRIPE82-0054.21025.griz,6888.59,8217.774,0.9899439811706543
STRIPE82-0054,SPLUS.STRIPE82-0054.20850.griz,4558.26,8112.14,0.9986737966537476
STRIPE82-0064,SPLUS.STRIPE82-0064.20058.griz,7886.5740000000005,8777.395,0.9540010094642639
STRIPE82-0064,SPLUS.STRIPE82-0064.23491.griz,6983.339,7840.793000000001,0.9997207522392273
STRIPE82-0070,SPLUS.STRIPE82-0070.18641.griz,9241.665,8103.003000000001,0.9889461398124695
STRIPE82-0072,SPLUS.STRIPE82-0072.20093.griz,9375.743,8675.743,0.9919893145561218
STRIPE82-0129,SPLUS.STRIPE82-0129.05773.griz,3979.607,2420.048,0.9999321699142456
STRIPE82-0133,SPLUS.STRIPE82-0133.07302.griz,7986.285,2796.595,0.9549893140792847
STRIPE82-0133,SPLUS.STRIPE82-0133.07955.griz,6532.534000000001,2928.204,0.9739192724227905
STRIPE82-0135,SPLUS.STRIPE82-0135.07899.griz,4741.984,2700.3759999999997,0.9951184988021851
STRIPE82-0137,SPLUS.STRIPE82-0137.07777.griz,8124.613,2437.751,0.954319953918457
STRIPE82-0141,SPLUS.STRIPE82-0141.04965.griz,5886.805,2281.7870000000003,0.9796949625015259
STRIPE82-0141,SPLUS.STRIPE82-0141.04989.griz,4551.275,2327.6929999999998,0.9584401249885559
STRIPE82-0127,SPLUS.STRIPE82-0127.16416.griz,5737.331999999999,5040.174,0.9982689619064331
STRIPE82-0127,SPLUS.STRIPE82-0127.16224.griz,5749.3,5024.595,0.9999936819076538
STRIPE82-0129,SPLUS.STRIPE82-0129.18740.griz,6644.25,5237.964,0.9963733553886414
STRIPE82-0129,SPLUS.STRIPE82-0129.19634.griz,5200.36,5444.727,0.9994101524353027
STRIPE82-0137,SPLUS.STRIPE82-0137.17625.griz,4926.847,4690.5740000000005,0.9950681924819946
STRIPE82-0139,SPLUS.STRIPE82-0139.27626.griz,8675.761,5643.706,0.9648444056510925
STRIPE82-0143,SPLUS.STRIPE82-0143.16764.griz,3760.665,4820.9529999999995,0.9847770929336548
STRIPE82-0143,SPLUS.STRIPE82-0143.19089.griz,3509.137,5362.571,0.9955915808677673
STRIPE82-0149,SPLUS.STRIPE82-0149.17464.griz,3478.982,5399.397,0.9759668707847595
STRIPE82-0131,SPLUS.STRIPE82-0131.37845.griz,10059.208,8179.003000000001,0.9992944002151489
STRIPE82-0141,SPLUS.STRIPE82-0141.22777.griz,3232.962,8323.983,0.9944846034049988
STRIPE82-0149,SPLUS.STRIPE82-0149.26849.griz,9649.089,7348.139,0.9907360672950745
STRIPE82-0149,SPLUS.STRIPE82-0149.26691.griz,7065.826,7368.179,0.9956300258636475
STRIPE82-0142,SPLUS.STRIPE82-0142.03873.griz,6053.025,2086.22,0.9543007612228394
STRIPE82-0150,SPLUS.STRIPE82-0150.02769.griz,3826.659,2063.1679999999997,0.9999309778213501
STRIPE82-0126,SPLUS.STRIPE82-0126.06883.griz,7712.526999999999,4198.76,0.9904190897941589
STRIPE82-0128,SPLUS.STRIPE82-0128.16877.griz,8057.859,4013.994,0.9941385984420776
STRIPE82-0128,SPLUS.STRIPE82-0128.18372.griz,4993.501,4299.7970000000005,0.99460768699646
STRIPE82-0130,SPLUS.STRIPE82-0130.11259.griz,5041.14,4474.299,0.9994625449180603
STRIPE82-0134,SPLUS.STRIPE82-0134.11735.griz,2885.882,4726.491,0.9896659851074219
STRIPE82-0142,SPLUS.STRIPE82-0142.12072.griz,7214.151999999999,4556.955,0.9973887801170349
STRIPE82-0146,SPLUS.STRIPE82-0146.10129.griz,9868.45,4188.595,0.9762415289878845
STRIPE82-0148,SPLUS.STRIPE82-0148.11244.griz,4486.104,4017.133,0.9823446273803711
STRIPE82-0126,SPLUS.STRIPE82-0126.18212.griz,7645.946,7093.85,0.9607697129249573
STRIPE82-0128,SPLUS.STRIPE82-0128.31833.griz,7610.135,6685.255999999999,0.999818742275238
STRIPE82-0144,SPLUS.STRIPE82-0144.26089.griz,1609.9520000000002,7403.448,0.9992384910583496
STRIPE82-0150,SPLUS.STRIPE82-0150.21375.griz,3085.805,7018.916,0.9977826476097107
STRIPE82-0155,SPLUS.STRIPE82-0155.03939.griz,3878.9809999999998,2143.534,0.9800176620483398
STRIPE82-0161,SPLUS.STRIPE82-0161.04712.griz,2654.2659999999996,2600.597,0.9945565462112427
STRIPE82-0167,SPLUS.STRIPE82-0167.06879.griz,1382.3239999999998,2530.8579999999997,0.9928638935089111
STRIPE82-0001,SPLUS.STRIPE82-0001.03521.griz,5134.380999999999,2138.942,0.9997614026069641
STRIPE82-0007,SPLUS.STRIPE82-0007.06521.griz,7382.368,3038.8540000000003,0.9819914698600769
STRIPE82-0009,SPLUS.STRIPE82-0009.11507.griz,9154.571,3137.8259999999996,0.9996030926704407
STRIPE82-0009,SPLUS.STRIPE82-0009.06600.griz,4553.628,2370.905,0.9976651668548584
STRIPE82-0011,SPLUS.STRIPE82-0011.06732.griz,2234.687,2796.991,0.9900802969932556
STRIPE82-0017,SPLUS.STRIPE82-0017.04231.griz,8550.558,2114.1,0.9824652671813965
STRIPE82-0021,SPLUS.STRIPE82-0021.08246.griz,6768.2480000000005,3117.143,0.9957737326622009
STRIPE82-0021,SPLUS.STRIPE82-0021.08075.griz,6470.621999999999,3163.3559999999998,0.9973015785217285
STRIPE82-0021,SPLUS.STRIPE82-0021.03866.griz,5837.991,2060.979,0.9983075857162476
STRIPE82-0021,SPLUS.STRIPE82-0021.06254.griz,5717.710999999999,2688.881,0.9994593262672424
STRIPE82-0023,SPLUS.STRIPE82-0023.05316.griz,3289.258,2643.994,0.9807544946670532
STRIPE82-0037,SPLUS.STRIPE82-0037.03332.griz,5457.236,2287.028,0.9779562950134277
STRIPE82-0039,SPLUS.STRIPE82-0039.06890.griz,4144.198,2534.65,0.9961860775947571
STRIPE82-0047,SPLUS.STRIPE82-0047.03835.griz,9172.113000000001,2758.407,0.9991883635520935
STRIPE82-0047,SPLUS.STRIPE82-0047.02854.griz,3575.59,2286.269,0.9969636797904968
STRIPE82-0053,SPLUS.STRIPE82-0053.06869.griz,4950.522,2916.933,0.991006076335907
STRIPE82-0053,SPLUS.STRIPE82-0053.05792.griz,4725.858,2536.976,0.991051197052002
STRIPE82-0053,SPLUS.STRIPE82-0053.05968.griz,3851.059,2556.573,0.9999358654022217
STRIPE82-0055,SPLUS.STRIPE82-0055.07186.griz,6604.661,3090.705,0.9877917170524597
STRIPE82-0055,SPLUS.STRIPE82-0055.04434.griz,1996.464,2218.658,0.9987995624542236
STRIPE82-0059,SPLUS.STRIPE82-0059.07385.griz,2997.945,2842.829,0.9990384578704834
STRIPE82-0071,SPLUS.STRIPE82-0071.06766.griz,1687.665,3184.188,0.9999257326126099
STRIPE82-0075,SPLUS.STRIPE82-0075.04680.griz,3415.967,2737.1890000000003,0.9985443353652954
STRIPE82-0081,SPLUS.STRIPE82-0081.04514.griz,1640.43,2695.048,0.9780054688453674
STRIPE82-0161,SPLUS.STRIPE82-0161.25234.griz,2048.361,5739.155,0.9996623992919922
STRIPE82-0167,SPLUS.STRIPE82-0167.17438.griz,6423.420999999999,4697.985,0.9736810326576233
STRIPE82-0169,SPLUS.STRIPE82-0169.12213.griz,6681.718000000001,5455.9,0.9906991124153137
STRIPE82-0001,SPLUS.STRIPE82-0001.27137.griz,1281.001,5615.842,0.9954637885093689
STRIPE82-0011,SPLUS.STRIPE82-0011.12987.griz,1511.329,4712.702,0.9898747205734253
STRIPE82-0019,SPLUS.STRIPE82-0019.28581.griz,7386.611999999999,5955.92,0.9858753085136414
STRIPE82-0023,SPLUS.STRIPE82-0023.12086.griz,3001.865,4623.973,0.9936200976371765
STRIPE82-0025,SPLUS.STRIPE82-0025.17345.griz,2765.336,5249.9980000000005,0.9943946599960327
STRIPE82-0031,SPLUS.STRIPE82-0031.13044.griz,9476.659,4754.713,0.9784626960754395
STRIPE82-0035,SPLUS.STRIPE82-0035.25558.griz,10542.505,5783.475,0.9998530149459839
STRIPE82-0039,SPLUS.STRIPE82-0039.21825.griz,7077.931,5662.388000000001,0.9742849469184875
STRIPE82-0039,SPLUS.STRIPE82-0039.17771.griz,4427.786,4817.678,0.9987412095069885
STRIPE82-0041,SPLUS.STRIPE82-0041.17829.griz,9956.987,5403.126,0.9996514320373535
STRIPE82-0043,SPLUS.STRIPE82-0043.20794.griz,5950.879,5534.861999999999,0.9958270192146301
STRIPE82-0045,SPLUS.STRIPE82-0045.14023.griz,10441.225,4817.513,0.9964700937271118
STRIPE82-0047,SPLUS.STRIPE82-0047.09912.griz,8252.148000000001,5050.863,0.9983691573143005
STRIPE82-0047,SPLUS.STRIPE82-0047.09882.griz,2625.303,5080.688,0.9928416013717651
STRIPE82-0053,SPLUS.STRIPE82-0053.18062.griz,2281.61,5855.021,0.9998422861099243
STRIPE82-0061,SPLUS.STRIPE82-0061.18010.griz,2908.535,5136.361,0.9617536664009094
STRIPE82-0067,SPLUS.STRIPE82-0067.15343.griz,2337.323,5248.975,0.987671971321106
STRIPE82-0075,SPLUS.STRIPE82-0075.15293.griz,2239.757,5574.683000000001,0.9680163264274597
STRIPE82-0083,SPLUS.STRIPE82-0083.13542.griz,4174.275,5436.536999999999,0.9972448348999023
STRIPE82-0157,SPLUS.STRIPE82-0157.42528.griz,9416.1,7805.771,0.9988113641738892
STRIPE82-0157,SPLUS.STRIPE82-0157.42925.griz,5813.776999999999,7791.776999999999,0.9975578784942627
STRIPE82-0159,SPLUS.STRIPE82-0159.15230.griz,9795.789,7858.651999999999,0.9839231371879578
STRIPE82-0163,SPLUS.STRIPE82-0163.22271.griz,7305.451999999999,8085.17,0.9900934100151062
STRIPE82-0169,SPLUS.STRIPE82-0169.15653.griz,4551.79,8351.228000000001,0.9982767105102539
STRIPE82-0007,SPLUS.STRIPE82-0007.30926.griz,9016.348,8354.122,0.976700484752655
STRIPE82-0007,SPLUS.STRIPE82-0007.22549.griz,7627.376,8142.92,0.999954342842102
STRIPE82-0007,SPLUS.STRIPE82-0007.21772.griz,7197.557,8095.807,0.9927398562431335
STRIPE82-0007,SPLUS.STRIPE82-0007.22199.griz,7157.932,8086.284000000001,0.999686598777771
STRIPE82-0007,SPLUS.STRIPE82-0007.24435.griz,5626.025,7495.17,0.9878982901573181
STRIPE82-0007,SPLUS.STRIPE82-0007.23013.griz,3095.2540000000004,7895.389,0.9996621608734131
STRIPE82-0009,SPLUS.STRIPE82-0009.41245.griz,9299.055,8425.166,0.9776049256324768
STRIPE82-0011,SPLUS.STRIPE82-0011.25564.griz,3328.715,7364.661999999999,0.9946240186691284
STRIPE82-0013,SPLUS.STRIPE82-0013.21901.griz,7586.215999999999,8297.634,0.9987695813179016
STRIPE82-0019,SPLUS.STRIPE82-0019.22311.griz,7482.422,7688.009,0.999994158744812
STRIPE82-0019,SPLUS.STRIPE82-0019.22644.griz,7597.889,7572.302,0.9731974601745605
STRIPE82-0021,SPLUS.STRIPE82-0021.24039.griz,6157.854,7663.1140000000005,0.9666870832443237
STRIPE82-0021,SPLUS.STRIPE82-0021.24835.griz,3761.433,7385.401,0.9816309809684753
STRIPE82-0023,SPLUS.STRIPE82-0023.21974.griz,9047.933,8130.854,0.9946718811988831
STRIPE82-0023,SPLUS.STRIPE82-0023.22170.griz,4113.412,8125.871,0.9958307147026062
STRIPE82-0029,SPLUS.STRIPE82-0029.36856.griz,6810.931,8587.59,0.9629064798355103
STRIPE82-0059,SPLUS.STRIPE82-0059.32757.griz,6031.9169999999995,7771.306,0.9990333318710327
STRIPE82-0061,SPLUS.STRIPE82-0061.24116.griz,1578.766,7929.986,0.9937019348144531
STRIPE82-0061,SPLUS.STRIPE82-0061.37665.griz,1522.424,8285.327,0.9854292273521423
STRIPE82-0063,SPLUS.STRIPE82-0063.18388.griz,9243.44,8557.865,0.9731667637825012
STRIPE82-0067,SPLUS.STRIPE82-0067.22768.griz,6882.808000000001,7828.7080000000005,0.9936449527740479
STRIPE82-0071,SPLUS.STRIPE82-0071.22820.griz,7826.851,7683.427,0.966032087802887
STRIPE82-0079,SPLUS.STRIPE82-0079.23347.griz,7484.155,8227.896,0.9990677237510681
STRIPE82-0156,SPLUS.STRIPE82-0156.04207.griz,8086.876,1866.453,0.984032928943634
STRIPE82-0158,SPLUS.STRIPE82-0158.02915.griz,2612.908,1989.001,0.9690083265304565
STRIPE82-0160,SPLUS.STRIPE82-0160.02325.griz,9473.754,2142.456,0.9957224130630493
STRIPE82-0164,SPLUS.STRIPE82-0164.06023.griz,9720.062,2165.9610000000002,0.9963536262512207
STRIPE82-0166,SPLUS.STRIPE82-0166.02798.griz,8627.09,1744.0929999999998,0.9999946355819702
STRIPE82-0170,SPLUS.STRIPE82-0170.03844.griz,6304.126,1901.011,0.9726778268814087
STRIPE82-0005,SPLUS.STRIPE82-0005.11666.griz,2364.982,10375.327,0.9841535687446594
STRIPE82-0008,SPLUS.STRIPE82-0008.02175.griz,4216.326,1401.759,0.9998488426208496
STRIPE82-0012,SPLUS.STRIPE82-0012.03995.griz,1411.1670000000001,1931.362,0.9714274406433105
STRIPE82-0014,SPLUS.STRIPE82-0014.03799.griz,9457.097,2012.965,0.9996088147163391
STRIPE82-0016,SPLUS.STRIPE82-0016.03568.griz,5306.549,1818.104,0.999690055847168
STRIPE82-0015,SPLUS.STRIPE82-0015.29872.griz,3641.592,10287.574,0.9998714923858643
STRIPE82-0016,SPLUS.STRIPE82-0016.00489.griz,2955.1679999999997,943.1080000000001,0.9818152785301208
STRIPE82-0018,SPLUS.STRIPE82-0018.03941.griz,5475.272,1701.93,0.9589344263076782
STRIPE82-0018,SPLUS.STRIPE82-0018.04459.griz,4486.095,1712.905,0.9985999464988708
STRIPE82-0018,SPLUS.STRIPE82-0018.01372.griz,4097.222,1101.849,0.9810722470283508
STRIPE82-0024,SPLUS.STRIPE82-0024.01845.griz,9133.374,1601.9479999999999,0.9880315065383911
STRIPE82-0026,SPLUS.STRIPE82-0026.03302.griz,4843.896,1608.239,0.9975468516349792
STRIPE82-0028,SPLUS.STRIPE82-0028.02699.griz,6798.746999999999,2141.9139999999998,0.9939338564872742
STRIPE82-0028,SPLUS.STRIPE82-0028.00889.griz,7249.689,1483.815,0.9970716238021851
STRIPE82-0034,SPLUS.STRIPE82-0034.00511.griz,2380.541,1150.9180000000001,0.9847345352172852
STRIPE82-0034,SPLUS.STRIPE82-0034.02817.griz,2265.492,1879.094,0.9635795950889587
STRIPE82-0038,SPLUS.STRIPE82-0038.01362.griz,4487.396,1672.704,0.9573264122009277
STRIPE82-0042,SPLUS.STRIPE82-0042.04106.griz,4936.556,2122.135,0.9976365566253662
STRIPE82-0042,SPLUS.STRIPE82-0042.02672.griz,4240.664000000001,1727.519,0.9999638795852661
STRIPE82-0045,SPLUS.STRIPE82-0045.31249.griz,8418.473,10114.711,0.9974545836448669
STRIPE82-0046,SPLUS.STRIPE82-0046.00791.griz,4745.255999999999,1522.207,0.9951954483985901
STRIPE82-0062,SPLUS.STRIPE82-0062.00501.griz,5231.3009999999995,1535.888,0.9985010623931885
STRIPE82-0068,SPLUS.STRIPE82-0068.02616.griz,2920.37,1647.596,0.9775105118751526
STRIPE82-0068,SPLUS.STRIPE82-0068.02449.griz,2629.647,1546.5079999999998,0.9777758717536926
STRIPE82-0070,SPLUS.STRIPE82-0070.01678.griz,10013.864,1512.004,0.9673467874526978
STRIPE82-0070,SPLUS.STRIPE82-0070.01854.griz,4607.747,1589.999,0.9731824398040771
STRIPE82-0073,SPLUS.STRIPE82-0073.30045.griz,6027.422,10109.105,0.9660340547561646
STRIPE82-0158,SPLUS.STRIPE82-0158.08378.griz,6247.535,3694.781,0.9994807839393616
STRIPE82-0158,SPLUS.STRIPE82-0158.11220.griz,4508.777,4480.75,0.9513307213783264
STRIPE82-0168,SPLUS.STRIPE82-0168.07100.griz,3955.853,3743.4759999999997,0.9873888492584229
STRIPE82-0168,SPLUS.STRIPE82-0168.06742.griz,4410.179,3667.949,0.9986740350723267
STRIPE82-0006,SPLUS.STRIPE82-0006.08911.griz,6832.438,4753.144,0.9568471312522888
STRIPE82-0006,SPLUS.STRIPE82-0006.07156.griz,6624.306,4025.147,0.9903049468994141
STRIPE82-0008,SPLUS.STRIPE82-0008.14517.griz,3970.0,4880.931,0.995684027671814
STRIPE82-0012,SPLUS.STRIPE82-0012.12809.griz,1371.854,4380.641,0.9987922310829163
STRIPE82-0014,SPLUS.STRIPE82-0014.12652.griz,5293.179,4591.346,0.973453938961029
STRIPE82-0022,SPLUS.STRIPE82-0022.07855.griz,8740.293,4838.231,0.9610523581504822
STRIPE82-0022,SPLUS.STRIPE82-0022.05396.griz,4153.209,3698.0,0.9996113181114197
STRIPE82-0024,SPLUS.STRIPE82-0024.08771.griz,5481.94,3720.469,0.9837963581085205
STRIPE82-0026,SPLUS.STRIPE82-0026.17774.griz,5831.741999999999,4922.65,0.9958992600440979
STRIPE82-0030,SPLUS.STRIPE82-0030.11801.griz,5996.241,3810.447,0.9980223178863525
STRIPE82-0032,SPLUS.STRIPE82-0032.11484.griz,4148.526,4571.085999999999,0.9817678928375244
STRIPE82-0034,SPLUS.STRIPE82-0034.08670.griz,1633.1470000000002,3695.237,0.9894860982894897
STRIPE82-0048,SPLUS.STRIPE82-0048.11520.griz,8045.33,4643.469,0.9998550415039062
STRIPE82-0050,SPLUS.STRIPE82-0050.12231.griz,8964.728000000001,4396.191,0.9809181690216064
STRIPE82-0058,SPLUS.STRIPE82-0058.12762.griz,6963.241999999999,4679.166,0.9947385191917419
STRIPE82-0058,SPLUS.STRIPE82-0058.11288.griz,5280.757,4274.168,0.997000515460968
STRIPE82-0156,SPLUS.STRIPE82-0156.20240.griz,7392.982,6873.033,0.9851637482643127
STRIPE82-0160,SPLUS.STRIPE82-0160.21986.griz,9944.473,7397.515,0.9615938067436218
STRIPE82-0162,SPLUS.STRIPE82-0162.23870.griz,3498.982,6738.459,0.9734593629837036
STRIPE82-0164,SPLUS.STRIPE82-0164.40669.griz,9340.45,7611.359,0.998802661895752
STRIPE82-0164,SPLUS.STRIPE82-0164.39910.griz,8536.436,7770.361999999999,0.9741884469985962
STRIPE82-0170,SPLUS.STRIPE82-0170.27075.griz,8222.994,7073.719,0.9515328407287598
STRIPE82-0170,SPLUS.STRIPE82-0170.28780.griz,7665.597,6616.564,0.9870522022247314
STRIPE82-0170,SPLUS.STRIPE82-0170.27832.griz,4387.553,6833.99,0.9666951298713684
STRIPE82-0002,SPLUS.STRIPE82-0002.28866.griz,7394.054,6772.273,0.9996795654296875
STRIPE82-0018,SPLUS.STRIPE82-0018.27443.griz,4480.736,7245.464,0.9998902082443237
STRIPE82-0024,SPLUS.STRIPE82-0024.27226.griz,2740.7470000000003,6648.007,0.9808886647224426
STRIPE82-0024,SPLUS.STRIPE82-0024.23711.griz,1901.733,7634.9169999999995,0.9969623684883118
STRIPE82-0028,SPLUS.STRIPE82-0028.24043.griz,4806.579000000001,6464.764,0.9740113019943237
STRIPE82-0032,SPLUS.STRIPE82-0032.24039.griz,1165.178,7456.986999999999,0.9921191930770874
STRIPE82-0038,SPLUS.STRIPE82-0038.23945.griz,10130.056999999999,7073.463000000001,0.981562077999115
STRIPE82-0044,SPLUS.STRIPE82-0044.28024.griz,3664.383,6784.941999999999,0.9999140501022339
STRIPE82-0048,SPLUS.STRIPE82-0048.24980.griz,5986.852,6728.5509999999995,0.9990660548210144
STRIPE82-0060,SPLUS.STRIPE82-0060.11549.griz,4335.198,7137.222,0.9638403654098511
STRIPE82-0062,SPLUS.STRIPE82-0062.22490.griz,5158.271,7087.259,0.9727802276611328
STRIPE82-0066,SPLUS.STRIPE82-0066.24814.griz,9414.474,6785.073,0.9985431432723999
STRIPE82-0066,SPLUS.STRIPE82-0066.27030.griz,5882.29,7632.071999999999,0.9727743864059448
STRIPE82-0076,SPLUS.STRIPE82-0076.23579.griz,4527.8859999999995,7742.116,0.9997583031654358
